{"episode_rewards": [81.0, 42.0, 22.0, 54.0, 26.0, 15.0, 76.0, 51.0, 34.0, 45.0, 85.0, 57.0, 27.0, 69.0, 95.0, 200.0, 200.0, 161.0, 200.0, 200.0, 200.0, 157.0, 200.0, 200.0, 200.0, 200.0, 200.0, 180.0, 200.0, 198.0, 200.0, 190.0, 200.0, 163.0, 188.0, 185.0, 200.0, 200.0, 200.0, 200.0, 200.0, 200.0, 200.0, 200.0, 200.0, 200.0, 200.0, 200.0, 200.0, 200.0, 200.0, 200.0, 200.0, 200.0, 200.0, 200.0, 200.0, 200.0, 200.0, 200.0, 200.0, 200.0, 200.0, 200.0, 200.0, 200.0, 200.0, 200.0, 200.0, 200.0, 200.0, 200.0, 200.0, 200.0], "timestamps": [1545472345.8726017, 1545472345.9809191, 1545472346.4774644, 1545472346.599954, 1545472346.6586688, 1545472346.6943066, 1545472347.2889476, 1545472347.3950741, 1545472347.9112453, 1545472347.9855893, 1545472348.577912, 1545472348.6830478, 1545472348.7325099, 1545472349.280759, 1545472349.8683546, 1545472350.6302838, 1545472351.828627, 1545472352.4827127, 1545472353.6394749, 1545472354.356673, 1545472355.482665, 1545472356.1358044, 1545472357.2593021, 1545472357.9914963, 1545472359.1085238, 1545472360.216345, 1545472360.9512203, 1545472362.0449831, 1545472362.7899528, 1545472363.903399, 1545472364.648303, 1545472365.7415116, 1545472366.8577669, 1545472367.5191243, 1545472368.2134178, 1545472369.2997599, 1545472370.439661, 1545472371.1936963, 1545472372.3524756, 1545472373.0660746, 1545472374.1764665, 1545472375.2536085, 1545472375.9799047, 1545472377.09872, 1545472377.8506837, 1545472378.9834692, 1545472380.0840454, 1545472380.7821805, 1545472381.9249768, 1545472382.6321337, 1545472383.7324386, 1545472384.8340056, 1545472385.5733585, 1545472386.7089303, 1545472387.4040926, 1545472388.5093818, 1545472389.6717148, 1545472390.3984168, 1545472391.534011, 1545472392.252647, 1545472393.376268, 1545472394.5151577, 1545472395.2096655, 1545472396.3039, 1545472396.9974387, 1545472398.1126935, 1545472399.2168026, 1545472399.935474, 1545472401.0602715, 1545472401.7709916, 1545472402.9275413, 1545472404.037479, 1545472404.7740395, 1545472405.877137], "episode_lengths": [81, 42, 22, 54, 26, 15, 76, 51, 34, 45, 85, 57, 27, 69, 95, 200, 200, 161, 200, 200, 200, 157, 200, 200, 200, 200, 200, 180, 200, 198, 200, 190, 200, 163, 188, 185, 200, 200, 200, 200, 200, 200, 200, 200, 200, 200, 200, 200, 200, 200, 200, 200, 200, 200, 200, 200, 200, 200, 200, 200, 200, 200, 200, 200, 200, 200, 200, 200, 200, 200, 200, 200, 200, 200], "initial_reset_timestamp": 1545472345.6743844, "episode_types": ["t", "t", "t", "t", "t", "t", "t", "t", "t", "t", "t", "t", "t", "t", "t", "t", "t", "t", "t", "t", "t", "t", "t", "t", "t", "t", "t", "t", "t", "t", "t", "t", "t", "t", "t", "t", "t", "t", "t", "t", "t", "t", "t", "t", "t", "t", "t", "t", "t", "t", "t", "t", "t", "t", "t", "t", "t", "t", "t", "t", "t", "t", "t", "t", "t", "t", "t", "t", "t", "t", "t", "t", "t", "t", "t"]}