{"episode_rewards": [31.0, 16.0, 29.0, 14.0, 31.0, 13.0, 44.0, 37.0, 22.0, 17.0, 68.0, 35.0, 12.0, 28.0, 51.0, 26.0, 24.0, 200.0, 95.0, 145.0, 110.0, 200.0, 200.0, 200.0, 200.0, 200.0, 128.0, 200.0, 200.0, 200.0, 200.0, 200.0, 200.0, 178.0, 200.0, 187.0, 174.0, 187.0, 200.0, 198.0, 200.0, 200.0, 200.0, 200.0, 200.0, 200.0, 200.0, 200.0, 200.0, 200.0, 200.0, 200.0, 200.0, 200.0, 200.0, 200.0, 200.0, 200.0, 200.0, 200.0, 200.0, 200.0, 200.0, 200.0, 200.0, 200.0, 200.0, 200.0, 200.0, 200.0, 200.0, 200.0, 200.0, 200.0, 200.0, 200.0, 200.0, 200.0, 200.0], "timestamps": [1545472345.752653, 1545472345.792419, 1545472345.8574197, 1545472345.8942568, 1545472345.9756968, 1545472346.457007, 1545472346.5512478, 1545472346.6355937, 1545472346.6842544, 1545472347.1795232, 1545472347.2987614, 1545472347.3688037, 1545472347.3990548, 1545472347.9037454, 1545472347.9893806, 1545472348.0406907, 1545472348.0880687, 1545472349.3069654, 1545472349.8929498, 1545472350.565257, 1545472351.1570263, 1545472351.9320016, 1545472353.0852392, 1545472354.213698, 1545472354.9331536, 1545472356.0560055, 1545472356.686493, 1545472357.7963455, 1545472358.513949, 1545472359.6302447, 1545472360.3416734, 1545472361.4780858, 1545472362.6155403, 1545472363.311982, 1545472364.4391801, 1545472365.1455352, 1545472365.8316934, 1545472366.9158232, 1545472368.0327766, 1545472368.7469916, 1545472369.8531191, 1545472370.591191, 1545472371.7742915, 1545472372.5032196, 1545472373.6162257, 1545472374.6863232, 1545472375.409006, 1545472376.5368016, 1545472377.2554862, 1545472378.4019759, 1545472379.5471196, 1545472380.2351117, 1545472381.3442118, 1545472382.085955, 1545472383.1862664, 1545472384.2855341, 1545472384.985764, 1545472386.1369472, 1545472386.8596082, 1545472387.9499342, 1545472389.1089582, 1545472389.8254623, 1545472390.9788215, 1545472391.6868398, 1545472392.8117263, 1545472393.9639263, 1545472394.6681383, 1545472395.747953, 1545472396.454607, 1545472397.550374, 1545472398.669276, 1545472399.3730164, 1545472400.4891558, 1545472401.2148502, 1545472402.3236623, 1545472403.4750423, 1545472404.2007427, 1545472405.3309176, 1545472406.039418], "episode_lengths": [31, 16, 29, 14, 31, 13, 44, 37, 22, 17, 68, 35, 12, 28, 51, 26, 24, 200, 95, 145, 110, 200, 200, 200, 200, 200, 128, 200, 200, 200, 200, 200, 200, 178, 200, 187, 174, 187, 200, 198, 200, 200, 200, 200, 200, 200, 200, 200, 200, 200, 200, 200, 200, 200, 200, 200, 200, 200, 200, 200, 200, 200, 200, 200, 200, 200, 200, 200, 200, 200, 200, 200, 200, 200, 200, 200, 200, 200, 200], "initial_reset_timestamp": 1545472345.6732237, "episode_types": ["t", "t", "t", "t", "t", "t", "t", "t", "t", "t", "t", "t", "t", "t", "t", "t", "t", "t", "t", "t", "t", "t", "t", "t", "t", "t", "t", "t", "t", "t", "t", "t", "t", "t", "t", "t", "t", "t", "t", "t", "t", "t", "t", "t", "t", "t", "t", "t", "t", "t", "t", "t", "t", "t", "t", "t", "t", "t", "t", "t", "t", "t", "t", "t", "t", "t", "t", "t", "t", "t", "t", "t", "t", "t", "t", "t", "t", "t", "t", "t"]}