{"episode_rewards": [19.0, 14.0, 11.0, 18.0, 38.0, 19.0, 32.0, 17.0, 29.0, 24.0, 18.0, 36.0, 40.0, 46.0, 84.0, 24.0, 49.0, 161.0, 175.0, 167.0, 102.0, 200.0, 197.0, 200.0, 200.0, 200.0, 174.0, 200.0, 200.0, 200.0, 200.0, 200.0, 200.0, 200.0, 200.0, 200.0, 200.0, 164.0, 200.0, 182.0, 200.0, 200.0, 200.0, 200.0, 200.0, 200.0, 200.0, 200.0, 200.0, 200.0, 200.0, 200.0, 200.0, 200.0, 200.0, 200.0, 200.0, 200.0, 200.0, 200.0, 200.0, 200.0, 200.0, 200.0, 200.0, 200.0, 200.0, 200.0, 200.0, 200.0, 200.0, 200.0, 200.0, 200.0, 200.0, 200.0, 200.0, 200.0], "timestamps": [1545472345.7241616, 1545472345.7571676, 1545472345.7848594, 1545472345.8256876, 1545472345.9209545, 1545472345.9700718, 1545472346.4927819, 1545472346.5272033, 1545472346.5957186, 1545472346.6490352, 1545472346.6898897, 1545472347.2145905, 1545472347.2865696, 1545472347.3797596, 1545472347.9823058, 1545472348.0301464, 1545472348.5550144, 1545472349.272332, 1545472349.9995878, 1545472351.1146123, 1545472351.2914555, 1545472352.4557507, 1545472353.6073842, 1545472354.3254168, 1545472355.4512956, 1545472356.1743538, 1545472357.253912, 1545472357.9858942, 1545472359.1028473, 1545472360.2108607, 1545472360.9455097, 1545472362.0706058, 1545472362.821489, 1545472363.936983, 1545472365.07581, 1545472365.7945464, 1545472366.9020875, 1545472367.5650213, 1545472368.6807857, 1545472369.359026, 1545472370.498584, 1545472371.2596765, 1545472372.411214, 1545472373.51262, 1545472374.236154, 1545472375.3121905, 1545472376.0472574, 1545472377.156929, 1545472378.3031225, 1545472379.0420918, 1545472380.1427019, 1545472380.8453383, 1545472381.984606, 1545472383.0898743, 1545472383.7925858, 1545472384.8944643, 1545472385.6342347, 1545472386.7674162, 1545472387.8587294, 1545472388.5785198, 1545472389.7304869, 1545472390.4573016, 1545472391.5928154, 1545472392.709683, 1545472393.436142, 1545472394.5736547, 1545472395.2692406, 1545472396.3624823, 1545472397.4544728, 1545472398.1824553, 1545472399.2783222, 1545472399.9946983, 1545472401.119181, 1545472402.2319262, 1545472402.989892, 1545472404.1051173, 1545472404.8331976, 1545472405.939387], "episode_lengths": [19, 14, 11, 18, 38, 19, 32, 17, 29, 24, 18, 36, 40, 46, 84, 24, 49, 161, 175, 167, 102, 200, 197, 200, 200, 200, 174, 200, 200, 200, 200, 200, 200, 200, 200, 200, 200, 164, 200, 182, 200, 200, 200, 200, 200, 200, 200, 200, 200, 200, 200, 200, 200, 200, 200, 200, 200, 200, 200, 200, 200, 200, 200, 200, 200, 200, 200, 200, 200, 200, 200, 200, 200, 200, 200, 200, 200, 200], "initial_reset_timestamp": 1545472345.670295, "episode_types": ["t", "t", "t", "t", "t", "t", "t", "t", "t", "t", "t", "t", "t", "t", "t", "t", "t", "t", "t", "t", "t", "t", "t", "t", "t", "t", "t", "t", "t", "t", "t", "t", "t", "t", "t", "t", "t", "t", "t", "t", "t", "t", "t", "t", "t", "t", "t", "t", "t", "t", "t", "t", "t", "t", "t", "t", "t", "t", "t", "t", "t", "t", "t", "t", "t", "t", "t", "t", "t", "t", "t", "t", "t", "t", "t", "t", "t", "t", "t"]}