{"episode_rewards": [43.0, 16.0, 12.0, 9.0, 10.0, 15.0, 15.0, 22.0, 51.0, 28.0, 16.0, 32.0, 47.0, 21.0, 38.0, 30.0, 71.0, 33.0, 26.0, 88.0, 67.0, 135.0, 200.0, 68.0, 200.0, 200.0, 200.0, 200.0, 200.0, 200.0, 200.0, 99.0, 200.0, 200.0, 200.0, 200.0, 200.0, 200.0, 200.0, 181.0, 177.0, 200.0, 128.0, 200.0, 200.0, 200.0, 200.0, 200.0, 200.0, 200.0, 200.0, 200.0, 200.0, 200.0, 200.0, 200.0, 200.0, 200.0, 200.0, 200.0, 200.0, 200.0, 200.0, 200.0, 200.0, 200.0, 200.0, 200.0, 200.0, 200.0, 200.0, 200.0, 200.0, 200.0, 200.0, 200.0, 200.0, 200.0, 200.0, 200.0, 200.0, 200.0], "timestamps": [1545472345.7795846, 1545472345.8177085, 1545472345.8450105, 1545472345.868532, 1545472345.8920045, 1545472345.9328146, 1545472345.9722993, 1545472346.4710238, 1545472346.585098, 1545472346.647956, 1545472346.6821163, 1545472347.205319, 1545472347.2888732, 1545472347.3254983, 1545472347.4116306, 1545472347.9183629, 1545472348.0443048, 1545472348.5390396, 1545472348.585763, 1545472348.7469711, 1545472349.2934878, 1545472349.9488208, 1545472351.1213171, 1545472351.2378726, 1545472352.4074614, 1545472353.158327, 1545472354.2836041, 1545472355.4093695, 1545472356.128856, 1545472357.2515125, 1545472357.9827526, 1545472358.5379183, 1545472359.6537209, 1545472360.3654063, 1545472361.5035508, 1545472362.6428876, 1545472363.3694024, 1545472364.502799, 1545472365.2253613, 1545472366.320052, 1545472366.9908895, 1545472368.1085625, 1545472368.711795, 1545472369.8196852, 1545472370.556793, 1545472371.7356503, 1545472372.4691384, 1545472373.5756993, 1545472374.6529562, 1545472375.3699996, 1545472376.4979103, 1545472377.2217197, 1545472378.3664756, 1545472379.513578, 1545472380.2010903, 1545472381.3081634, 1545472382.0472915, 1545472383.15055, 1545472384.252163, 1545472384.951939, 1545472386.0977623, 1545472386.8254104, 1545472387.915174, 1545472389.074664, 1545472389.7915654, 1545472390.9446785, 1545472391.6528397, 1545472392.7710316, 1545472393.9292657, 1545472394.6343586, 1545472395.714415, 1545472396.4203012, 1545472397.5106559, 1545472398.635837, 1545472399.3368638, 1545472400.4552636, 1545472401.1807597, 1545472402.2879171, 1545472403.4405892, 1545472404.165489, 1545472405.2970014, 1545472406.0039916], "episode_lengths": [43, 16, 12, 9, 10, 15, 15, 22, 51, 28, 16, 32, 47, 21, 38, 30, 71, 33, 26, 88, 67, 135, 200, 68, 200, 200, 200, 200, 200, 200, 200, 99, 200, 200, 200, 200, 200, 200, 200, 181, 177, 200, 128, 200, 200, 200, 200, 200, 200, 200, 200, 200, 200, 200, 200, 200, 200, 200, 200, 200, 200, 200, 200, 200, 200, 200, 200, 200, 200, 200, 200, 200, 200, 200, 200, 200, 200, 200, 200, 200, 200, 200], "initial_reset_timestamp": 1545472345.6719093, "episode_types": ["t", "t", "t", "t", "t", "t", "t", "t", "t", "t", "t", "t", "t", "t", "t", "t", "t", "t", "t", "t", "t", "t", "t", "t", "t", "t", "t", "t", "t", "t", "t", "t", "t", "t", "t", "t", "t", "t", "t", "t", "t", "t", "t", "t", "t", "t", "t", "t", "t", "t", "t", "t", "t", "t", "t", "t", "t", "t", "t", "t", "t", "t", "t", "t", "t", "t", "t", "t", "t", "t", "t", "t", "t", "t", "t", "t", "t", "t", "t", "t", "t", "t", "t"]}