{"episode_rewards": [27.0, 44.0, 15.0, 29.0, 10.0, 22.0, 26.0, 36.0, 20.0, 76.0, 25.0, 31.0, 12.0, 15.0, 97.0, 17.0, 155.0, 100.0, 200.0, 200.0, 200.0, 200.0, 200.0, 200.0, 200.0, 200.0, 200.0, 200.0, 200.0, 200.0, 200.0, 200.0, 200.0, 195.0, 189.0, 28.0, 200.0, 200.0, 170.0, 200.0, 200.0, 200.0, 200.0, 200.0, 200.0, 200.0, 200.0, 200.0, 200.0, 200.0, 200.0, 200.0, 200.0, 200.0, 200.0, 200.0, 200.0, 200.0, 200.0, 200.0, 200.0, 200.0, 200.0, 200.0, 200.0, 200.0, 200.0, 200.0, 200.0, 200.0, 200.0, 200.0, 200.0, 200.0, 200.0, 200.0, 200.0], "timestamps": [1545472345.7418962, 1545472345.844257, 1545472345.882004, 1545472345.9582214, 1545472345.9859397, 1545472346.4819987, 1545472346.5387144, 1545472346.621477, 1545472346.6657596, 1545472347.2680392, 1545472347.3134232, 1545472347.3787537, 1545472347.4068904, 1545472347.8881967, 1545472348.0600019, 1545472348.526712, 1545472349.2385237, 1545472349.8312697, 1545472350.5965586, 1545472351.796096, 1545472352.5096068, 1545472353.665253, 1545472354.7984493, 1545472355.510359, 1545472356.6588788, 1545472357.3626893, 1545472358.4843626, 1545472359.6024375, 1545472360.3131952, 1545472361.4457057, 1545472362.1743824, 1545472363.3171272, 1545472364.444654, 1545472365.1651502, 1545472366.270617, 1545472366.3132687, 1545472367.0213695, 1545472368.1413815, 1545472368.8045192, 1545472369.9136965, 1545472371.0845754, 1545472371.840742, 1545472372.9635773, 1545472373.6813154, 1545472374.7435615, 1545472375.8694694, 1545472376.6030164, 1545472377.7379768, 1545472378.459537, 1545472379.604443, 1545472380.6795812, 1545472381.4038875, 1545472382.5337617, 1545472383.2439783, 1545472384.3433173, 1545472385.4749863, 1545472386.2037969, 1545472387.3064497, 1545472388.0076482, 1545472389.176146, 1545472390.3005574, 1545472391.041527, 1545472392.1415339, 1545472392.8772478, 1545472394.0213382, 1545472395.1107445, 1545472395.8058066, 1545472396.8997283, 1545472397.6150858, 1545472398.7272413, 1545472399.8308625, 1545472400.5563447, 1545472401.6689744, 1545472402.3894343, 1545472403.539621, 1545472404.670178, 1545472405.3906257], "episode_lengths": [27, 44, 15, 29, 10, 22, 26, 36, 20, 76, 25, 31, 12, 15, 97, 17, 155, 100, 200, 200, 200, 200, 200, 200, 200, 200, 200, 200, 200, 200, 200, 200, 200, 195, 189, 28, 200, 200, 170, 200, 200, 200, 200, 200, 200, 200, 200, 200, 200, 200, 200, 200, 200, 200, 200, 200, 200, 200, 200, 200, 200, 200, 200, 200, 200, 200, 200, 200, 200, 200, 200, 200, 200, 200, 200, 200, 200], "initial_reset_timestamp": 1545472345.6709385, "episode_types": ["t", "t", "t", "t", "t", "t", "t", "t", "t", "t", "t", "t", "t", "t", "t", "t", "t", "t", "t", "t", "t", "t", "t", "t", "t", "t", "t", "t", "t", "t", "t", "t", "t", "t", "t", "t", "t", "t", "t", "t", "t", "t", "t", "t", "t", "t", "t", "t", "t", "t", "t", "t", "t", "t", "t", "t", "t", "t", "t", "t", "t", "t", "t", "t", "t", "t", "t", "t", "t", "t", "t", "t", "t", "t", "t", "t", "t", "t"]}