{"episode_rewards": [35.0, 9.0, 25.0, 20.0, 26.0, 27.0, 39.0, 24.0, 13.0, 22.0, 48.0, 36.0, 39.0, 60.0, 36.0, 79.0, 147.0, 200.0, 200.0, 200.0, 200.0, 200.0, 200.0, 200.0, 200.0, 200.0, 185.0, 200.0, 200.0, 200.0, 200.0, 200.0, 200.0, 200.0, 141.0, 200.0, 200.0, 153.0, 200.0, 200.0, 200.0, 200.0, 200.0, 200.0, 200.0, 200.0, 200.0, 200.0, 200.0, 200.0, 200.0, 200.0, 200.0, 200.0, 200.0, 200.0, 200.0, 200.0, 200.0, 200.0, 200.0, 200.0, 200.0, 200.0, 200.0, 200.0, 200.0, 200.0, 200.0, 200.0, 200.0, 200.0, 200.0, 200.0, 200.0, 200.0], "timestamps": [1545472345.7622154, 1545472345.7832823, 1545472345.839427, 1545472345.8894744, 1545472345.958766, 1545472346.4703422, 1545472346.5580094, 1545472346.6134613, 1545472346.6412737, 1545472346.692248, 1545472347.2399166, 1545472347.3031778, 1545472347.3847408, 1545472347.947848, 1545472348.0109699, 1545472348.5921288, 1545472349.2829936, 1545472350.4854088, 1545472351.2237873, 1545472352.3950193, 1545472353.1444726, 1545472354.2699406, 1545472355.3970578, 1545472356.1164029, 1545472357.2390692, 1545472357.968604, 1545472359.0657027, 1545472359.7714183, 1545472360.908995, 1545472362.033973, 1545472362.7767415, 1545472363.893957, 1545472364.6378167, 1545472365.7514741, 1545472366.3775244, 1545472367.4915705, 1545472368.2038002, 1545472369.244451, 1545472369.955185, 1545472371.1285038, 1545472371.886929, 1545472373.0040898, 1545472374.1206062, 1545472374.7851763, 1545472375.9146955, 1545472376.6487746, 1545472377.7876616, 1545472378.9144514, 1545472379.6461308, 1545472380.71975, 1545472381.445139, 1545472382.5738554, 1545472383.6747544, 1545472384.38572, 1545472385.5161715, 1545472386.2504616, 1545472387.3465862, 1545472388.4460998, 1545472389.2222898, 1545472390.3410823, 1545472391.0827208, 1545472392.1884387, 1545472393.3204043, 1545472394.064051, 1545472395.151269, 1545472395.8492973, 1545472396.9400077, 1545472398.048103, 1545472398.7686532, 1545472399.87683, 1545472400.603236, 1545472401.709588, 1545472402.8622253, 1545472403.581228, 1545472404.7156112, 1545472405.4325595], "episode_lengths": [35, 9, 25, 20, 26, 27, 39, 24, 13, 22, 48, 36, 39, 60, 36, 79, 147, 200, 200, 200, 200, 200, 200, 200, 200, 200, 185, 200, 200, 200, 200, 200, 200, 200, 141, 200, 200, 153, 200, 200, 200, 200, 200, 200, 200, 200, 200, 200, 200, 200, 200, 200, 200, 200, 200, 200, 200, 200, 200, 200, 200, 200, 200, 200, 200, 200, 200, 200, 200, 200, 200, 200, 200, 200, 200, 200], "initial_reset_timestamp": 1545472345.671461, "episode_types": ["t", "t", "t", "t", "t", "t", "t", "t", "t", "t", "t", "t", "t", "t", "t", "t", "t", "t", "t", "t", "t", "t", "t", "t", "t", "t", "t", "t", "t", "t", "t", "t", "t", "t", "t", "t", "t", "t", "t", "t", "t", "t", "t", "t", "t", "t", "t", "t", "t", "t", "t", "t", "t", "t", "t", "t", "t", "t", "t", "t", "t", "t", "t", "t", "t", "t", "t", "t", "t", "t", "t", "t", "t", "t", "t", "t", "t"]}