{"episode_rewards": [19.0, 46.0, 15.0, 12.0, 20.0, 22.0, 15.0, 13.0, 25.0, 23.0, 30.0, 15.0, 27.0, 59.0, 78.0, 71.0, 28.0, 98.0, 69.0, 170.0, 200.0, 49.0, 200.0, 200.0, 200.0, 200.0, 199.0, 200.0, 200.0, 200.0, 200.0, 200.0, 200.0, 200.0, 171.0, 200.0, 198.0, 200.0, 200.0, 200.0, 175.0, 200.0, 200.0, 200.0, 200.0, 200.0, 200.0, 200.0, 200.0, 200.0, 200.0, 200.0, 200.0, 200.0, 200.0, 200.0, 200.0, 200.0, 200.0, 200.0, 200.0, 200.0, 200.0, 200.0, 200.0, 200.0, 200.0, 200.0, 200.0, 200.0, 200.0, 200.0, 200.0, 200.0, 200.0, 200.0, 200.0, 200.0, 200.0], "timestamps": [1545472345.7248082, 1545472345.8319445, 1545472345.869729, 1545472345.8992012, 1545472345.949847, 1545472346.456273, 1545472346.4884021, 1545472346.514175, 1545472346.5723844, 1545472346.6246252, 1545472346.693459, 1545472347.1823897, 1545472347.228535, 1545472347.3322017, 1545472347.9403882, 1545472348.0715978, 1545472348.555798, 1545472348.7350233, 1545472349.2829623, 1545472350.0023909, 1545472351.1689825, 1545472351.2568805, 1545472352.4243429, 1545472353.5792441, 1545472354.3004713, 1545472355.4259114, 1545472356.1451814, 1545472357.268517, 1545472358.4006739, 1545472359.1178436, 1545472360.2256267, 1545472360.9608448, 1545472362.0843234, 1545472363.2345679, 1545472363.9008505, 1545472364.6454663, 1545472365.7563994, 1545472366.8700504, 1545472367.5884516, 1545472368.7021542, 1545472369.3713152, 1545472370.509629, 1545472371.2734277, 1545472372.4239612, 1545472373.5244477, 1545472374.2476265, 1545472375.3232653, 1545472376.0616229, 1545472377.1706274, 1545472378.315887, 1545472379.0533044, 1545472380.1537771, 1545472380.8574505, 1545472381.9972973, 1545472383.1008444, 1545472383.8042307, 1545472384.905496, 1545472385.645595, 1545472386.780245, 1545472387.8697186, 1545472388.591098, 1545472389.7415168, 1545472390.4695697, 1545472391.6059535, 1545472392.7208452, 1545472393.4472728, 1545472394.5850167, 1545472395.2807364, 1545472396.3754532, 1545472397.465531, 1545472398.1954916, 1545472399.2895405, 1545472400.006097, 1545472401.1308548, 1545472402.2431211, 1545472403.0015254, 1545472404.1182148, 1545472404.8449152, 1545472405.9524586], "episode_lengths": [19, 46, 15, 12, 20, 22, 15, 13, 25, 23, 30, 15, 27, 59, 78, 71, 28, 98, 69, 170, 200, 49, 200, 200, 200, 200, 199, 200, 200, 200, 200, 200, 200, 200, 171, 200, 198, 200, 200, 200, 175, 200, 200, 200, 200, 200, 200, 200, 200, 200, 200, 200, 200, 200, 200, 200, 200, 200, 200, 200, 200, 200, 200, 200, 200, 200, 200, 200, 200, 200, 200, 200, 200, 200, 200, 200, 200, 200, 200], "initial_reset_timestamp": 1545472345.67162, "episode_types": ["t", "t", "t", "t", "t", "t", "t", "t", "t", "t", "t", "t", "t", "t", "t", "t", "t", "t", "t", "t", "t", "t", "t", "t", "t", "t", "t", "t", "t", "t", "t", "t", "t", "t", "t", "t", "t", "t", "t", "t", "t", "t", "t", "t", "t", "t", "t", "t", "t", "t", "t", "t", "t", "t", "t", "t", "t", "t", "t", "t", "t", "t", "t", "t", "t", "t", "t", "t", "t", "t", "t", "t", "t", "t", "t", "t", "t", "t", "t", "t"]}