{"episode_rewards": [27.0, 18.0, 43.0, 39.0, 32.0, 11.0, 24.0, 18.0, 25.0, 46.0, 21.0, 45.0, 9.0, 33.0, 79.0, 91.0, 106.0, 200.0, 200.0, 200.0, 200.0, 200.0, 200.0, 200.0, 200.0, 200.0, 200.0, 200.0, 200.0, 200.0, 166.0, 200.0, 200.0, 200.0, 200.0, 182.0, 200.0, 200.0, 200.0, 200.0, 200.0, 200.0, 200.0, 200.0, 200.0, 200.0, 200.0, 200.0, 200.0, 200.0, 200.0, 200.0, 200.0, 200.0, 200.0, 200.0, 200.0, 200.0, 200.0, 200.0, 200.0, 200.0, 200.0, 200.0, 200.0, 200.0, 200.0, 200.0, 200.0, 200.0, 200.0, 200.0, 200.0, 200.0, 200.0, 200.0], "timestamps": [1545472345.7425458, 1545472345.7870703, 1545472345.8868184, 1545472346.4425273, 1545472346.5074875, 1545472346.5322485, 1545472346.5875986, 1545472346.6286047, 1545472346.683019, 1545472347.2304914, 1545472347.2659345, 1545472347.3553743, 1545472347.3711276, 1545472347.8933861, 1545472348.0322309, 1545472348.6336188, 1545472349.2545493, 1545472350.0245285, 1545472351.191597, 1545472352.3663611, 1545472353.1144211, 1545472354.2425003, 1545472354.9671984, 1545472356.0881975, 1545472357.2117283, 1545472357.9406545, 1545472359.0605364, 1545472359.7660465, 1545472360.9026656, 1545472362.0288284, 1545472362.7118149, 1545472363.8388028, 1545472364.5743167, 1545472365.6919966, 1545472366.412053, 1545472367.49845, 1545472368.2108312, 1545472369.3205626, 1545472370.4606185, 1545472371.2170851, 1545472372.3734734, 1545472373.0870664, 1545472374.1971786, 1545472375.274831, 1545472376.0035934, 1545472377.119784, 1545472377.874191, 1545472379.0048642, 1545472380.1053197, 1545472380.8057802, 1545472381.9470732, 1545472382.6534328, 1545472383.754447, 1545472384.8553777, 1545472385.5966542, 1545472386.729793, 1545472387.4253404, 1545472388.5347743, 1545472389.6928332, 1545472390.4195132, 1545472391.5553002, 1545472392.2764573, 1545472393.396925, 1545472394.5361989, 1545472395.2308185, 1545472396.3246863, 1545472397.0227492, 1545472398.1379158, 1545472399.2406232, 1545472399.9566963, 1545472401.0815442, 1545472401.7923243, 1545472402.951728, 1545472404.0615208, 1545472404.7950335, 1545472405.900245], "episode_lengths": [27, 18, 43, 39, 32, 11, 24, 18, 25, 46, 21, 45, 9, 33, 79, 91, 106, 200, 200, 200, 200, 200, 200, 200, 200, 200, 200, 200, 200, 200, 166, 200, 200, 200, 200, 182, 200, 200, 200, 200, 200, 200, 200, 200, 200, 200, 200, 200, 200, 200, 200, 200, 200, 200, 200, 200, 200, 200, 200, 200, 200, 200, 200, 200, 200, 200, 200, 200, 200, 200, 200, 200, 200, 200, 200, 200], "initial_reset_timestamp": 1545472345.672269, "episode_types": ["t", "t", "t", "t", "t", "t", "t", "t", "t", "t", "t", "t", "t", "t", "t", "t", "t", "t", "t", "t", "t", "t", "t", "t", "t", "t", "t", "t", "t", "t", "t", "t", "t", "t", "t", "t", "t", "t", "t", "t", "t", "t", "t", "t", "t", "t", "t", "t", "t", "t", "t", "t", "t", "t", "t", "t", "t", "t", "t", "t", "t", "t", "t", "t", "t", "t", "t", "t", "t", "t", "t", "t", "t", "t", "t", "t", "t"]}