{"episode_rewards": [24.0, 14.0, 37.0, 22.0, 18.0, 15.0, 17.0, 22.0, 18.0, 52.0, 15.0, 46.0, 35.0, 29.0, 59.0, 200.0, 70.0, 35.0, 200.0, 200.0, 200.0, 200.0, 200.0, 200.0, 200.0, 200.0, 200.0, 200.0, 200.0, 200.0, 200.0, 200.0, 189.0, 200.0, 142.0, 191.0, 200.0, 195.0, 200.0, 182.0, 200.0, 200.0, 200.0, 200.0, 200.0, 200.0, 200.0, 200.0, 200.0, 200.0, 200.0, 200.0, 200.0, 200.0, 200.0, 200.0, 200.0, 200.0, 200.0, 200.0, 200.0, 200.0, 200.0, 200.0, 200.0, 200.0, 200.0, 200.0, 200.0, 200.0, 200.0, 200.0, 200.0, 200.0, 200.0, 200.0, 200.0], "timestamps": [1545472345.7346036, 1545472345.7691991, 1545472345.8542798, 1545472345.9132562, 1545472345.9594595, 1545472346.4485705, 1545472346.4827623, 1545472346.5294478, 1545472346.5710826, 1545472346.6887877, 1545472347.1802833, 1545472347.2593958, 1545472347.32177, 1545472347.3873527, 1545472347.948719, 1545472348.747824, 1545472349.2991276, 1545472349.3544908, 1545472350.5498989, 1545472351.7479424, 1545472352.4642432, 1545472353.6212258, 1545472354.3384075, 1545472355.4637902, 1545472356.6154778, 1545472357.3129475, 1545472358.4416795, 1545472359.1569917, 1545472360.2671325, 1545472361.3957868, 1545472362.1249528, 1545472363.2731326, 1545472363.976631, 1545472365.1108127, 1545472365.732059, 1545472366.4369516, 1545472367.5528185, 1545472368.661402, 1545472369.367542, 1545472370.4788885, 1545472371.2374098, 1545472372.3918297, 1545472373.4935699, 1545472374.2167778, 1545472375.2927327, 1545472376.024368, 1545472377.137683, 1545472378.280055, 1545472379.022917, 1545472380.1233892, 1545472380.8254156, 1545472381.9653313, 1545472383.0701542, 1545472383.7729666, 1545472384.8751318, 1545472385.6149306, 1545472386.7480545, 1545472387.8393815, 1545472388.5553238, 1545472389.711052, 1545472390.4377964, 1545472391.5734496, 1545472392.6894631, 1545472393.4167247, 1545472394.5544875, 1545472395.2493443, 1545472396.3430674, 1545472397.434014, 1545472398.1591647, 1545472399.2590675, 1545472399.9751477, 1545472401.0998335, 1545472402.212616, 1545472402.9703813, 1545472404.0823376, 1545472404.813575, 1545472405.9198866], "episode_lengths": [24, 14, 37, 22, 18, 15, 17, 22, 18, 52, 15, 46, 35, 29, 59, 200, 70, 35, 200, 200, 200, 200, 200, 200, 200, 200, 200, 200, 200, 200, 200, 200, 189, 200, 142, 191, 200, 195, 200, 182, 200, 200, 200, 200, 200, 200, 200, 200, 200, 200, 200, 200, 200, 200, 200, 200, 200, 200, 200, 200, 200, 200, 200, 200, 200, 200, 200, 200, 200, 200, 200, 200, 200, 200, 200, 200, 200], "initial_reset_timestamp": 1545472345.673142, "episode_types": ["t", "t", "t", "t", "t", "t", "t", "t", "t", "t", "t", "t", "t", "t", "t", "t", "t", "t", "t", "t", "t", "t", "t", "t", "t", "t", "t", "t", "t", "t", "t", "t", "t", "t", "t", "t", "t", "t", "t", "t", "t", "t", "t", "t", "t", "t", "t", "t", "t", "t", "t", "t", "t", "t", "t", "t", "t", "t", "t", "t", "t", "t", "t", "t", "t", "t", "t", "t", "t", "t", "t", "t", "t", "t", "t", "t", "t", "t"]}