{"episode_rewards": [15.0, 21.0, 18.0, 25.0, 25.0, 12.0, 11.0, 45.0, 13.0, 19.0, 20.0, 17.0, 23.0, 87.0, 14.0, 81.0, 14.0, 35.0, 49.0, 27.0, 23.0, 14.0, 100.0, 200.0, 200.0, 200.0, 200.0, 200.0, 200.0, 200.0, 200.0, 200.0, 200.0, 200.0, 200.0, 200.0, 200.0, 200.0, 200.0, 145.0, 200.0, 156.0, 200.0, 166.0, 200.0, 200.0, 200.0, 200.0, 200.0, 200.0, 200.0, 200.0, 200.0, 200.0, 200.0, 200.0, 200.0, 200.0, 200.0, 200.0, 200.0, 200.0, 200.0, 200.0, 200.0, 200.0, 200.0, 200.0, 200.0, 200.0, 200.0, 200.0, 200.0, 200.0, 200.0, 200.0, 200.0, 200.0, 200.0, 200.0, 200.0, 200.0], "timestamps": [1545472345.7143884, 1545472345.7650623, 1545472345.8069332, 1545472345.8663712, 1545472345.9303625, 1545472345.962887, 1545472346.442576, 1545472346.5365548, 1545472346.5669858, 1545472346.6113207, 1545472346.6558397, 1545472346.6968384, 1545472347.1967795, 1545472347.3594215, 1545472347.390936, 1545472347.9848447, 1545472348.014028, 1545472348.081591, 1545472348.6032312, 1545472348.65215, 1545472348.6941245, 1545472348.7183504, 1545472349.3232362, 1545472350.5205212, 1545472351.2645414, 1545472352.431403, 1545472353.5867443, 1545472354.307298, 1545472355.432727, 1545472356.1539793, 1545472357.2779043, 1545472358.409947, 1545472359.126217, 1545472360.2338629, 1545472360.9696314, 1545472362.092391, 1545472363.243763, 1545472363.9611516, 1545472365.0968447, 1545472365.7224774, 1545472366.836937, 1545472367.4877253, 1545472368.1995645, 1545472369.2617795, 1545472369.9730592, 1545472371.1490993, 1545472371.9099607, 1545472373.0283387, 1545472374.1384635, 1545472374.803094, 1545472375.9350479, 1545472376.6704795, 1545472377.8072007, 1545472378.9397295, 1545472379.6644852, 1545472380.737413, 1545472381.4634361, 1545472382.5934453, 1545472383.6943212, 1545472384.404108, 1545472385.5340416, 1545472386.273171, 1545472387.3662536, 1545472388.466202, 1545472389.2404702, 1545472390.3591459, 1545472391.1017056, 1545472392.209297, 1545472393.33836, 1545472394.082277, 1545472395.1698139, 1545472395.8677247, 1545472396.959696, 1545472398.0690598, 1545472398.787429, 1545472399.8955994, 1545472400.6260529, 1545472401.7307727, 1545472402.880493, 1545472403.5995424, 1545472404.7344208, 1545472405.4516692], "episode_lengths": [15, 21, 18, 25, 25, 12, 11, 45, 13, 19, 20, 17, 23, 87, 14, 81, 14, 35, 49, 27, 23, 14, 100, 200, 200, 200, 200, 200, 200, 200, 200, 200, 200, 200, 200, 200, 200, 200, 200, 145, 200, 156, 200, 166, 200, 200, 200, 200, 200, 200, 200, 200, 200, 200, 200, 200, 200, 200, 200, 200, 200, 200, 200, 200, 200, 200, 200, 200, 200, 200, 200, 200, 200, 200, 200, 200, 200, 200, 200, 200, 200, 200], "initial_reset_timestamp": 1545472345.673868, "episode_types": ["t", "t", "t", "t", "t", "t", "t", "t", "t", "t", "t", "t", "t", "t", "t", "t", "t", "t", "t", "t", "t", "t", "t", "t", "t", "t", "t", "t", "t", "t", "t", "t", "t", "t", "t", "t", "t", "t", "t", "t", "t", "t", "t", "t", "t", "t", "t", "t", "t", "t", "t", "t", "t", "t", "t", "t", "t", "t", "t", "t", "t", "t", "t", "t", "t", "t", "t", "t", "t", "t", "t", "t", "t", "t", "t", "t", "t", "t", "t", "t", "t", "t", "t"]}