{"episode_rewards": [15.0, 29.0, 15.0, 19.0, 15.0, 22.0, 17.0, 10.0, 54.0, 38.0, 19.0, 24.0, 33.0, 16.0, 32.0, 16.0, 80.0, 20.0, 120.0, 186.0, 96.0, 200.0, 200.0, 200.0, 162.0, 200.0, 200.0, 200.0, 200.0, 200.0, 200.0, 200.0, 200.0, 200.0, 157.0, 200.0, 183.0, 184.0, 200.0, 200.0, 200.0, 200.0, 200.0, 200.0, 200.0, 200.0, 200.0, 200.0, 200.0, 200.0, 200.0, 200.0, 200.0, 200.0, 200.0, 200.0, 200.0, 200.0, 200.0, 200.0, 200.0, 200.0, 200.0, 200.0, 200.0, 200.0, 200.0, 200.0, 200.0, 200.0, 200.0, 200.0, 200.0, 200.0, 200.0, 200.0, 200.0, 200.0, 200.0], "timestamps": [1545472345.712848, 1545472345.7840133, 1545472345.8187482, 1545472345.8630571, 1545472345.9046676, 1545472345.959996, 1545472346.4528294, 1545472346.4716148, 1545472346.5928037, 1545472346.675624, 1545472347.1770916, 1545472347.2190807, 1545472347.2765613, 1545472347.3072307, 1545472347.3719234, 1545472347.4094787, 1545472348.0002906, 1545472348.0396335, 1545472348.6935236, 1545472349.870508, 1545472350.4685836, 1545472351.2072437, 1545472352.380234, 1545472353.1284564, 1545472354.197478, 1545472354.9169307, 1545472356.0400093, 1545472356.7779918, 1545472357.8947349, 1545472359.0164514, 1545472359.7217598, 1545472360.858899, 1545472361.571213, 1545472362.7215784, 1545472363.3749774, 1545472364.5088134, 1545472365.2047527, 1545472366.3015184, 1545472367.0091448, 1545472368.1279106, 1545472369.2409403, 1545472369.9514608, 1545472371.1244285, 1545472371.8825035, 1545472373.0002072, 1545472374.1170006, 1545472374.7813153, 1545472375.9103553, 1545472376.6442525, 1545472377.7837076, 1545472378.910249, 1545472379.6422622, 1545472380.7159436, 1545472381.441087, 1545472382.5700061, 1545472383.6704803, 1545472384.3818433, 1545472385.5122046, 1545472386.2459912, 1545472387.342806, 1545472388.4419212, 1545472389.2180552, 1545472390.3373053, 1545472391.078564, 1545472392.1838148, 1545472393.3167105, 1545472394.0600073, 1545472395.147379, 1545472395.8451698, 1545472396.9360936, 1545472398.04382, 1545472398.7644203, 1545472399.8723862, 1545472400.598781, 1545472401.7055013, 1545472402.858377, 1545472403.5770886, 1545472404.711676, 1545472405.428441], "episode_lengths": [15, 29, 15, 19, 15, 22, 17, 10, 54, 38, 19, 24, 33, 16, 32, 16, 80, 20, 120, 186, 96, 200, 200, 200, 162, 200, 200, 200, 200, 200, 200, 200, 200, 200, 157, 200, 183, 184, 200, 200, 200, 200, 200, 200, 200, 200, 200, 200, 200, 200, 200, 200, 200, 200, 200, 200, 200, 200, 200, 200, 200, 200, 200, 200, 200, 200, 200, 200, 200, 200, 200, 200, 200, 200, 200, 200, 200, 200, 200], "initial_reset_timestamp": 1545472345.673726, "episode_types": ["t", "t", "t", "t", "t", "t", "t", "t", "t", "t", "t", "t", "t", "t", "t", "t", "t", "t", "t", "t", "t", "t", "t", "t", "t", "t", "t", "t", "t", "t", "t", "t", "t", "t", "t", "t", "t", "t", "t", "t", "t", "t", "t", "t", "t", "t", "t", "t", "t", "t", "t", "t", "t", "t", "t", "t", "t", "t", "t", "t", "t", "t", "t", "t", "t", "t", "t", "t", "t", "t", "t", "t", "t", "t", "t", "t", "t", "t", "t", "t"]}