{"episode_rewards": [27.0, 21.0, 42.0, 36.0, 18.0, 18.0, 53.0, 37.0, 25.0, 19.0, 16.0, 50.0, 47.0, 22.0, 59.0, 91.0, 48.0, 88.0, 98.0, 45.0, 200.0, 200.0, 200.0, 200.0, 200.0, 200.0, 200.0, 200.0, 200.0, 200.0, 200.0, 200.0, 200.0, 200.0, 200.0, 158.0, 200.0, 177.0, 173.0, 200.0, 200.0, 200.0, 200.0, 200.0, 200.0, 200.0, 200.0, 200.0, 200.0, 200.0, 200.0, 200.0, 200.0, 200.0, 200.0, 200.0, 200.0, 200.0, 200.0, 200.0, 200.0, 200.0, 200.0, 200.0, 200.0, 200.0, 200.0, 200.0, 200.0, 200.0, 200.0, 200.0, 200.0, 200.0, 200.0, 200.0, 200.0, 200.0], "timestamps": [1545472345.7431016, 1545472345.7945063, 1545472345.8926303, 1545472346.4397657, 1545472346.475269, 1545472346.5137603, 1545472346.6345034, 1545472347.1745508, 1545472347.2183192, 1545472347.2528758, 1545472347.2806594, 1545472347.3822083, 1545472347.9255054, 1545472347.9606137, 1545472348.07018, 1545472348.6688485, 1545472349.1901333, 1545472349.3376687, 1545472349.9315884, 1545472350.0113127, 1545472351.1777992, 1545472352.354374, 1545472353.1032932, 1545472354.2315102, 1545472354.9547231, 1545472356.0752242, 1545472357.2008927, 1545472357.9296558, 1545472359.049506, 1545472359.7550676, 1545472360.8917618, 1545472362.0179567, 1545472362.759303, 1545472363.8790457, 1545472364.6211424, 1545472365.669901, 1545472366.3886185, 1545472367.4669487, 1545472368.1389956, 1545472369.2511337, 1545472369.9621403, 1545472371.1360323, 1545472371.8965402, 1545472373.0168235, 1545472374.1273859, 1545472374.7921114, 1545472375.9223442, 1545472376.6573107, 1545472377.794657, 1545472378.9266713, 1545472379.6531851, 1545472380.7264786, 1545472381.4522166, 1545472382.5823033, 1545472383.6822739, 1545472384.3929381, 1545472385.5230825, 1545472386.259887, 1545472387.3546002, 1545472388.453687, 1545472389.2292483, 1545472390.3480244, 1545472391.0896702, 1545472392.1962276, 1545472393.3271267, 1545472394.071056, 1545472395.1584742, 1545472395.8563948, 1545472396.9483595, 1545472398.0560377, 1545472398.7760298, 1545472399.8839111, 1545472400.6111174, 1545472401.7183158, 1545472402.8693001, 1545472403.588259, 1545472404.7228713, 1545472405.4401836], "episode_lengths": [27, 21, 42, 36, 18, 18, 53, 37, 25, 19, 16, 50, 47, 22, 59, 91, 48, 88, 98, 45, 200, 200, 200, 200, 200, 200, 200, 200, 200, 200, 200, 200, 200, 200, 200, 158, 200, 177, 173, 200, 200, 200, 200, 200, 200, 200, 200, 200, 200, 200, 200, 200, 200, 200, 200, 200, 200, 200, 200, 200, 200, 200, 200, 200, 200, 200, 200, 200, 200, 200, 200, 200, 200, 200, 200, 200, 200, 200], "initial_reset_timestamp": 1545472345.6725705, "episode_types": ["t", "t", "t", "t", "t", "t", "t", "t", "t", "t", "t", "t", "t", "t", "t", "t", "t", "t", "t", "t", "t", "t", "t", "t", "t", "t", "t", "t", "t", "t", "t", "t", "t", "t", "t", "t", "t", "t", "t", "t", "t", "t", "t", "t", "t", "t", "t", "t", "t", "t", "t", "t", "t", "t", "t", "t", "t", "t", "t", "t", "t", "t", "t", "t", "t", "t", "t", "t", "t", "t", "t", "t", "t", "t", "t", "t", "t", "t", "t"]}