{"episode_rewards": [18.0, 25.0, 13.0, 21.0, 20.0, 15.0, 36.0, 19.0, 22.0, 11.0, 19.0, 24.0, 15.0, 56.0, 23.0, 33.0, 128.0, 34.0, 56.0, 41.0, 200.0, 127.0, 200.0, 200.0, 200.0, 194.0, 200.0, 200.0, 200.0, 200.0, 200.0, 200.0, 200.0, 200.0, 200.0, 200.0, 200.0, 146.0, 200.0, 197.0, 200.0, 200.0, 200.0, 200.0, 200.0, 200.0, 200.0, 200.0, 200.0, 200.0, 200.0, 200.0, 200.0, 200.0, 200.0, 200.0, 200.0, 200.0, 200.0, 200.0, 200.0, 200.0, 200.0, 200.0, 200.0, 200.0, 200.0, 200.0, 200.0, 200.0, 200.0, 200.0, 200.0, 200.0, 200.0, 200.0, 200.0, 200.0, 200.0, 200.0], "timestamps": [1545472345.7213488, 1545472345.7807567, 1545472345.811598, 1545472345.860257, 1545472345.9141746, 1545472345.950682, 1545472346.4857597, 1545472346.5243194, 1545472346.5772216, 1545472346.6025448, 1545472346.6441379, 1545472346.7014062, 1545472347.1873815, 1545472347.2843099, 1545472347.3255637, 1545472347.4015028, 1545472348.0873227, 1545472348.5803654, 1545472348.6822855, 1545472349.1913345, 1545472349.9565647, 1545472350.594121, 1545472351.7936902, 1545472352.5071023, 1545472353.662871, 1545472354.3719208, 1545472355.499026, 1545472356.6481948, 1545472357.350218, 1545472358.4734426, 1545472359.1896732, 1545472360.3022077, 1545472361.4331493, 1545472362.1621041, 1545472363.3050256, 1545472364.0329413, 1545472365.1610985, 1545472365.7990992, 1545472366.906301, 1545472367.6233878, 1545472368.734598, 1545472369.8420224, 1545472370.5798745, 1545472371.7618043, 1545472372.4918373, 1545472373.603589, 1545472374.675229, 1545472375.396152, 1545472376.524168, 1545472377.2442205, 1545472378.3907723, 1545472379.5360615, 1545472380.2238066, 1545472381.3330753, 1545472382.073184, 1545472383.1744282, 1545472384.2745137, 1545472384.9744122, 1545472386.1241295, 1545472386.848193, 1545472387.9379084, 1545472389.097329, 1545472389.814059, 1545472390.9674854, 1545472391.6754515, 1545472392.798961, 1545472393.9519777, 1545472394.6568868, 1545472395.7367458, 1545472396.4433045, 1545472397.5375218, 1545472398.6580977, 1545472399.3600829, 1545472400.4778283, 1545472401.2034342, 1545472402.310799, 1545472403.4633253, 1545472404.1883526, 1545472405.3197148, 1545472406.0279891], "episode_lengths": [18, 25, 13, 21, 20, 15, 36, 19, 22, 11, 19, 24, 15, 56, 23, 33, 128, 34, 56, 41, 200, 127, 200, 200, 200, 194, 200, 200, 200, 200, 200, 200, 200, 200, 200, 200, 200, 146, 200, 197, 200, 200, 200, 200, 200, 200, 200, 200, 200, 200, 200, 200, 200, 200, 200, 200, 200, 200, 200, 200, 200, 200, 200, 200, 200, 200, 200, 200, 200, 200, 200, 200, 200, 200, 200, 200, 200, 200, 200, 200], "initial_reset_timestamp": 1545472345.6724339, "episode_types": ["t", "t", "t", "t", "t", "t", "t", "t", "t", "t", "t", "t", "t", "t", "t", "t", "t", "t", "t", "t", "t", "t", "t", "t", "t", "t", "t", "t", "t", "t", "t", "t", "t", "t", "t", "t", "t", "t", "t", "t", "t", "t", "t", "t", "t", "t", "t", "t", "t", "t", "t", "t", "t", "t", "t", "t", "t", "t", "t", "t", "t", "t", "t", "t", "t", "t", "t", "t", "t", "t", "t", "t", "t", "t", "t", "t", "t", "t", "t", "t", "t"]}