{"episode_rewards": [34.0, 26.0, 17.0, 28.0, 18.0, 16.0, 40.0, 23.0, 76.0, 15.0, 17.0, 13.0, 18.0, 23.0, 13.0, 44.0, 30.0, 86.0, 21.0, 28.0, 64.0, 52.0, 61.0, 200.0, 118.0, 200.0, 200.0, 200.0, 200.0, 200.0, 200.0, 200.0, 200.0, 200.0, 200.0, 131.0, 200.0, 200.0, 200.0, 161.0, 193.0, 200.0, 193.0, 195.0, 200.0, 200.0, 200.0, 200.0, 200.0, 200.0, 200.0, 200.0, 200.0, 200.0, 200.0, 200.0, 200.0, 200.0, 200.0, 200.0, 200.0, 200.0, 200.0, 200.0, 200.0, 200.0, 200.0, 200.0, 200.0, 200.0, 200.0, 200.0, 200.0, 200.0, 200.0, 200.0, 200.0, 200.0, 200.0, 200.0, 200.0, 200.0], "timestamps": [1545472345.7602174, 1545472345.8211665, 1545472345.8609798, 1545472345.9348998, 1545472345.981613, 1545472346.4646664, 1545472346.554218, 1545472346.607135, 1545472347.2212255, 1545472347.248008, 1545472347.2765882, 1545472347.3011377, 1545472347.3331213, 1545472347.388454, 1545472347.8711722, 1545472347.944257, 1545472347.994874, 1545472348.5902255, 1545472348.6278644, 1545472348.6782062, 1545472349.226755, 1545472349.3137808, 1545472349.8408477, 1545472350.6063957, 1545472351.216806, 1545472352.3883681, 1545472353.1369157, 1545472354.2632296, 1545472355.3899765, 1545472356.1098096, 1545472357.232527, 1545472357.9618452, 1545472359.0823174, 1545472360.1916578, 1545472360.9261935, 1545472361.5330489, 1545472362.6770961, 1545472363.400022, 1545472364.5391934, 1545472365.1961906, 1545472366.30818, 1545472367.0160363, 1545472368.1225219, 1545472369.22757, 1545472369.9376912, 1545472371.1101716, 1545472371.866942, 1545472372.9862888, 1545472374.1036181, 1545472374.767652, 1545472375.895597, 1545472376.6292253, 1545472377.7635612, 1545472378.8953023, 1545472379.6285772, 1545472380.7023413, 1545472381.4267044, 1545472382.5560253, 1545472383.655581, 1545472384.3678732, 1545472385.4978964, 1545472386.2305434, 1545472387.3289418, 1545472388.427856, 1545472389.202649, 1545472390.3231373, 1545472391.0645597, 1545472392.167393, 1545472393.3031735, 1545472394.0458121, 1545472395.1335661, 1545472395.8305748, 1545472396.9222264, 1545472398.0286574, 1545472398.750489, 1545472399.8573124, 1545472400.5830004, 1545472401.6914637, 1545472402.8432527, 1545472403.562815, 1545472404.6964974, 1545472405.4138598], "episode_lengths": [34, 26, 17, 28, 18, 16, 40, 23, 76, 15, 17, 13, 18, 23, 13, 44, 30, 86, 21, 28, 64, 52, 61, 200, 118, 200, 200, 200, 200, 200, 200, 200, 200, 200, 200, 131, 200, 200, 200, 161, 193, 200, 193, 195, 200, 200, 200, 200, 200, 200, 200, 200, 200, 200, 200, 200, 200, 200, 200, 200, 200, 200, 200, 200, 200, 200, 200, 200, 200, 200, 200, 200, 200, 200, 200, 200, 200, 200, 200, 200, 200, 200], "initial_reset_timestamp": 1545472345.6751432, "episode_types": ["t", "t", "t", "t", "t", "t", "t", "t", "t", "t", "t", "t", "t", "t", "t", "t", "t", "t", "t", "t", "t", "t", "t", "t", "t", "t", "t", "t", "t", "t", "t", "t", "t", "t", "t", "t", "t", "t", "t", "t", "t", "t", "t", "t", "t", "t", "t", "t", "t", "t", "t", "t", "t", "t", "t", "t", "t", "t", "t", "t", "t", "t", "t", "t", "t", "t", "t", "t", "t", "t", "t", "t", "t", "t", "t", "t", "t", "t", "t", "t", "t", "t", "t"]}