{"episode_rewards": [29.0, 17.0, 46.0, 13.0, 16.0, 10.0, 15.0, 27.0, 22.0, 49.0, 37.0, 99.0, 78.0, 109.0, 200.0, 130.0, 150.0, 200.0, 200.0, 200.0, 200.0, 200.0, 200.0, 200.0, 200.0, 200.0, 200.0, 200.0, 200.0, 200.0, 200.0, 200.0, 162.0, 140.0, 200.0, 185.0, 200.0, 200.0, 200.0, 200.0, 200.0, 200.0, 200.0, 200.0, 200.0, 200.0, 200.0, 200.0, 200.0, 200.0, 200.0, 200.0, 200.0, 200.0, 200.0, 200.0, 200.0, 200.0, 200.0, 200.0, 200.0, 200.0, 200.0, 200.0, 200.0, 200.0, 200.0, 200.0, 200.0, 200.0, 200.0, 200.0, 200.0, 200.0], "timestamps": [1545472345.7479603, 1545472345.7900765, 1545472345.900056, 1545472345.9342823, 1545472345.976456, 1545472346.4506745, 1545472346.4801047, 1545472346.5400107, 1545472346.5907302, 1545472346.704083, 1545472347.2262, 1545472347.8762317, 1545472348.0085943, 1545472348.644744, 1545472349.8475523, 1545472350.5038884, 1545472351.1546998, 1545472351.9295216, 1545472353.0829191, 1545472354.211347, 1545472354.930745, 1545472356.0535445, 1545472356.7917857, 1545472357.9099462, 1545472359.0300255, 1545472359.7355595, 1545472360.8725767, 1545472361.585112, 1545472362.7372484, 1545472363.8596754, 1545472364.598924, 1545472365.7128367, 1545472366.3737173, 1545472366.9884205, 1545472368.1062033, 1545472368.7962759, 1545472369.9057229, 1545472371.0766065, 1545472371.8317947, 1545472372.9553003, 1545472373.6731257, 1545472374.7355397, 1545472375.860807, 1545472376.5942004, 1545472377.7287016, 1545472378.4509583, 1545472379.596294, 1545472380.6715214, 1545472381.3955734, 1545472382.5256436, 1545472383.2356527, 1545472384.3349407, 1545472385.4667838, 1545472386.1948276, 1545472387.298307, 1545472387.9993336, 1545472389.1654842, 1545472390.292283, 1545472391.0294685, 1545472392.1325333, 1545472392.868318, 1545472394.0130098, 1545472395.102495, 1545472395.797422, 1545472396.8915255, 1545472397.6063082, 1545472398.719093, 1545472399.822037, 1545472400.5471153, 1545472401.6607845, 1545472402.3803084, 1545472403.5303018, 1545472404.6611776, 1545472405.3822627], "episode_lengths": [29, 17, 46, 13, 16, 10, 15, 27, 22, 49, 37, 99, 78, 109, 200, 130, 150, 200, 200, 200, 200, 200, 200, 200, 200, 200, 200, 200, 200, 200, 200, 200, 162, 140, 200, 185, 200, 200, 200, 200, 200, 200, 200, 200, 200, 200, 200, 200, 200, 200, 200, 200, 200, 200, 200, 200, 200, 200, 200, 200, 200, 200, 200, 200, 200, 200, 200, 200, 200, 200, 200, 200, 200, 200], "initial_reset_timestamp": 1545472345.6748297, "episode_types": ["t", "t", "t", "t", "t", "t", "t", "t", "t", "t", "t", "t", "t", "t", "t", "t", "t", "t", "t", "t", "t", "t", "t", "t", "t", "t", "t", "t", "t", "t", "t", "t", "t", "t", "t", "t", "t", "t", "t", "t", "t", "t", "t", "t", "t", "t", "t", "t", "t", "t", "t", "t", "t", "t", "t", "t", "t", "t", "t", "t", "t", "t", "t", "t", "t", "t", "t", "t", "t", "t", "t", "t", "t", "t", "t"]}