{"episode_rewards": [26.0, 47.0, 19.0, 23.0, 14.0, 11.0, 35.0, 79.0, 13.0, 20.0, 74.0, 15.0, 17.0, 74.0, 147.0, 94.0, 128.0, 200.0, 200.0, 200.0, 200.0, 200.0, 200.0, 200.0, 200.0, 86.0, 200.0, 200.0, 200.0, 156.0, 200.0, 200.0, 200.0, 195.0, 158.0, 191.0, 200.0, 140.0, 196.0, 200.0, 200.0, 200.0, 200.0, 200.0, 200.0, 200.0, 200.0, 200.0, 200.0, 200.0, 200.0, 200.0, 200.0, 200.0, 200.0, 200.0, 200.0, 200.0, 200.0, 200.0, 200.0, 200.0, 200.0, 200.0, 200.0, 200.0, 200.0, 200.0, 200.0, 200.0, 200.0, 200.0, 200.0, 200.0, 200.0, 200.0], "timestamps": [1545472345.7393367, 1545472345.849464, 1545472345.8990488, 1545472345.9572105, 1545472346.446056, 1545472346.4664962, 1545472346.5443454, 1545472347.1793475, 1545472347.2016697, 1545472347.23759, 1545472347.3780658, 1545472347.8684497, 1545472347.8970332, 1545472348.0258102, 1545472348.7294855, 1545472349.323105, 1545472349.9683957, 1545472351.1376808, 1545472351.912538, 1545472353.0644078, 1545472354.1933603, 1545472354.9125655, 1545472356.0359445, 1545472356.7738004, 1545472357.8906085, 1545472358.4319513, 1545472359.14705, 1545472360.2560885, 1545472360.9930754, 1545472362.0471733, 1545472362.7921712, 1545472363.908363, 1545472365.0520031, 1545472365.7587843, 1545472366.407938, 1545472367.5092695, 1545472368.2231727, 1545472369.2395232, 1545472369.9443312, 1545472371.11729, 1545472371.8743289, 1545472372.9930956, 1545472374.1101387, 1545472374.7742562, 1545472375.9025705, 1545472376.636345, 1545472377.775687, 1545472378.9024382, 1545472379.635187, 1545472380.7088544, 1545472381.4335263, 1545472382.562692, 1545472383.6627579, 1545472384.3746905, 1545472385.5049782, 1545472386.2380264, 1545472387.3358746, 1545472388.4346814, 1545472389.2099235, 1545472390.3298156, 1545472391.0714211, 1545472392.1746109, 1545472393.3097262, 1545472394.0525866, 1545472395.1403325, 1545472395.8376954, 1545472396.9289806, 1545472398.036051, 1545472398.7573433, 1545472399.864454, 1545472400.5904963, 1545472401.698224, 1545472402.8506467, 1545472403.5696921, 1545472404.7037098, 1545472405.42114], "episode_lengths": [26, 47, 19, 23, 14, 11, 35, 79, 13, 20, 74, 15, 17, 74, 147, 94, 128, 200, 200, 200, 200, 200, 200, 200, 200, 86, 200, 200, 200, 156, 200, 200, 200, 195, 158, 191, 200, 140, 196, 200, 200, 200, 200, 200, 200, 200, 200, 200, 200, 200, 200, 200, 200, 200, 200, 200, 200, 200, 200, 200, 200, 200, 200, 200, 200, 200, 200, 200, 200, 200, 200, 200, 200, 200, 200, 200], "initial_reset_timestamp": 1545472345.6696308, "episode_types": ["t", "t", "t", "t", "t", "t", "t", "t", "t", "t", "t", "t", "t", "t", "t", "t", "t", "t", "t", "t", "t", "t", "t", "t", "t", "t", "t", "t", "t", "t", "t", "t", "t", "t", "t", "t", "t", "t", "t", "t", "t", "t", "t", "t", "t", "t", "t", "t", "t", "t", "t", "t", "t", "t", "t", "t", "t", "t", "t", "t", "t", "t", "t", "t", "t", "t", "t", "t", "t", "t", "t", "t", "t", "t", "t", "t", "t"]}