{"episode_rewards": [27.0, 18.0, 43.0, 39.0, 42.0, 64.0, 64.0, 71.0, 76.0, 200.0, 200.0, 133.0, 200.0, 200.0, 200.0, 200.0, 200.0, 200.0, 200.0, 190.0, 200.0, 200.0, 200.0, 200.0, 200.0, 200.0, 200.0, 200.0, 200.0, 200.0, 200.0, 200.0, 200.0, 200.0, 200.0, 200.0, 200.0, 200.0, 200.0, 200.0, 200.0, 200.0, 200.0, 200.0, 200.0, 200.0, 200.0, 200.0, 200.0, 200.0, 200.0, 200.0, 200.0, 200.0, 200.0, 200.0, 200.0, 200.0, 200.0, 200.0, 200.0, 200.0, 200.0, 200.0, 200.0, 200.0, 200.0, 200.0, 200.0], "initial_reset_timestamp": 1545468666.4462497, "episode_lengths": [27, 18, 43, 39, 42, 64, 64, 71, 76, 200, 200, 133, 200, 200, 200, 200, 200, 200, 200, 190, 200, 200, 200, 200, 200, 200, 200, 200, 200, 200, 200, 200, 200, 200, 200, 200, 200, 200, 200, 200, 200, 200, 200, 200, 200, 200, 200, 200, 200, 200, 200, 200, 200, 200, 200, 200, 200, 200, 200, 200, 200, 200, 200, 200, 200, 200, 200, 200, 200], "timestamps": [1545468666.5006583, 1545468666.5408041, 1545468666.641852, 1545468667.0292628, 1545468667.1017103, 1545468667.222291, 1545468667.576525, 1545468667.7127147, 1545468668.0921037, 1545468668.91794, 1545468669.4481804, 1545468669.8868136, 1545468670.6779954, 1545468671.401927, 1545468671.964536, 1545468672.6736722, 1545468673.2136087, 1545468673.9827664, 1545468674.7536857, 1545468675.2458556, 1545468676.011069, 1545468676.5486858, 1545468677.3282514, 1545468677.8518941, 1545468678.6069937, 1545468679.3428886, 1545468679.8890705, 1545468680.6486084, 1545468681.2144537, 1545468681.9454362, 1545468682.7041004, 1545468683.297358, 1545468684.035436, 1545468684.5402184, 1545468685.3075154, 1545468686.0839133, 1545468686.6217816, 1545468687.3597348, 1545468687.890719, 1545468688.6276827, 1545468689.3968017, 1545468689.950595, 1545468690.6697774, 1545468691.2285087, 1545468691.966048, 1545468692.7171829, 1545468693.2490115, 1545468694.0047302, 1545468694.532506, 1545468695.3545842, 1545468696.143273, 1545468696.6708868, 1545468697.421986, 1545468697.9259977, 1545468698.692712, 1545468699.4761772, 1545468700.0155916, 1545468700.8339162, 1545468701.390368, 1545468702.2100215, 1545468702.9886491, 1545468703.5339081, 1545468704.3598444, 1545468704.9193401, 1545468705.7049887, 1545468706.4465442, 1545468706.9957058, 1545468707.7152228, 1545468708.220808], "episode_types": ["t", "t", "t", "t", "t", "t", "t", "t", "t", "t", "t", "t", "t", "t", "t", "t", "t", "t", "t", "t", "t", "t", "t", "t", "t", "t", "t", "t", "t", "t", "t", "t", "t", "t", "t", "t", "t", "t", "t", "t", "t", "t", "t", "t", "t", "t", "t", "t", "t", "t", "t", "t", "t", "t", "t", "t", "t", "t", "t", "t", "t", "t", "t", "t", "t", "t", "t", "t", "t", "t"]}