{"episode_rewards": [24.0, 14.0, 37.0, 22.0, 18.0, 17.0, 27.0, 38.0, 18.0, 32.0, 84.0, 117.0, 200.0, 171.0, 138.0, 200.0, 188.0, 200.0, 200.0, 193.0, 163.0, 200.0, 200.0, 200.0, 200.0, 200.0, 200.0, 200.0, 200.0, 200.0, 200.0, 200.0, 200.0, 200.0, 200.0, 200.0, 200.0, 200.0, 200.0, 200.0, 200.0, 200.0, 200.0, 200.0, 200.0, 200.0, 200.0, 200.0, 200.0, 200.0, 200.0, 200.0, 200.0, 200.0, 200.0, 200.0, 200.0, 200.0, 200.0, 200.0, 200.0, 200.0, 200.0, 200.0, 200.0, 178.0, 200.0, 200.0, 200.0, 200.0, 200.0, 200.0, 200.0], "initial_reset_timestamp": 1545468666.4469311, "episode_lengths": [24, 14, 37, 22, 18, 17, 27, 38, 18, 32, 84, 117, 200, 171, 138, 200, 188, 200, 200, 193, 163, 200, 200, 200, 200, 200, 200, 200, 200, 200, 200, 200, 200, 200, 200, 200, 200, 200, 200, 200, 200, 200, 200, 200, 200, 200, 200, 200, 200, 200, 200, 200, 200, 200, 200, 200, 200, 200, 200, 200, 200, 200, 200, 200, 200, 178, 200, 200, 200, 200, 200, 200, 200], "timestamps": [1545468666.4945061, 1545468666.5232365, 1545468666.6103199, 1545468666.6681828, 1545468666.710969, 1545468667.038922, 1545468667.0830576, 1545468667.156331, 1545468667.1889935, 1545468667.2510767, 1545468667.6463106, 1545468668.0993886, 1545468668.9244206, 1545468669.4096777, 1545468669.8564296, 1545468670.6482687, 1545468671.128545, 1545468671.907131, 1545468672.4176042, 1545468673.1493201, 1545468673.6189978, 1545468674.4267764, 1545468675.14858, 1545468675.6785161, 1545468676.4499304, 1545468677.0002534, 1545468677.7455509, 1545468678.5108304, 1545468679.021937, 1545468679.7907836, 1545468680.3255835, 1545468681.107874, 1545468681.8434577, 1545468682.3862903, 1545468683.1887279, 1545468683.7349715, 1545468684.441565, 1545468685.2090652, 1545468685.752918, 1545468686.5183837, 1545468687.036612, 1545468687.7918663, 1545468688.5190053, 1545468689.0877779, 1545468689.8517988, 1545468690.3647401, 1545468691.1243777, 1545468691.8689463, 1545468692.3941853, 1545468693.1501296, 1545468693.6807446, 1545468694.4193244, 1545468695.257666, 1545468695.8082914, 1545468696.5718696, 1545468697.0804207, 1545468697.8255596, 1545468698.5954614, 1545468699.1294625, 1545468699.9165661, 1545468700.476863, 1545468701.281983, 1545468702.094325, 1545468702.6787834, 1545468703.4311025, 1545468703.9872506, 1545468704.765673, 1545468705.3229828, 1545468706.089587, 1545468706.8572707, 1545468707.379841, 1545468708.0878258, 1545468708.6412024], "episode_types": ["t", "t", "t", "t", "t", "t", "t", "t", "t", "t", "t", "t", "t", "t", "t", "t", "t", "t", "t", "t", "t", "t", "t", "t", "t", "t", "t", "t", "t", "t", "t", "t", "t", "t", "t", "t", "t", "t", "t", "t", "t", "t", "t", "t", "t", "t", "t", "t", "t", "t", "t", "t", "t", "t", "t", "t", "t", "t", "t", "t", "t", "t", "t", "t", "t", "t", "t", "t", "t", "t", "t", "t", "t", "t"]}