{"episode_rewards": [81.0, 42.0, 19.0, 18.0, 28.0, 63.0, 34.0, 140.0, 200.0, 200.0, 200.0, 168.0, 165.0, 200.0, 200.0, 200.0, 198.0, 200.0, 200.0, 200.0, 200.0, 200.0, 200.0, 200.0, 200.0, 200.0, 200.0, 200.0, 200.0, 200.0, 200.0, 200.0, 200.0, 200.0, 200.0, 200.0, 200.0, 200.0, 200.0, 200.0, 200.0, 200.0, 200.0, 200.0, 200.0, 200.0, 200.0, 200.0, 200.0, 200.0, 200.0, 200.0, 200.0, 200.0, 200.0, 200.0, 200.0, 200.0, 200.0, 200.0, 200.0, 200.0, 200.0, 200.0, 200.0, 200.0, 200.0, 200.0], "initial_reset_timestamp": 1545468666.4476562, "episode_lengths": [81, 42, 19, 18, 28, 63, 34, 140, 200, 200, 200, 168, 165, 200, 200, 200, 198, 200, 200, 200, 200, 200, 200, 200, 200, 200, 200, 200, 200, 200, 200, 200, 200, 200, 200, 200, 200, 200, 200, 200, 200, 200, 200, 200, 200, 200, 200, 200, 200, 200, 200, 200, 200, 200, 200, 200, 200, 200, 200, 200, 200, 200, 200, 200, 200, 200, 200, 200], "timestamps": [1545468666.6280615, 1545468666.7317507, 1545468667.0562441, 1545468667.0857813, 1545468667.138228, 1545468667.4846106, 1545468667.548979, 1545468668.0581658, 1545468668.6461966, 1545468669.4197865, 1545468670.191833, 1545468670.703143, 1545468671.149929, 1545468671.9358604, 1545468672.6409435, 1545468673.1811934, 1545468673.9477892, 1545468674.5086558, 1545468675.2291553, 1545468675.992806, 1545468676.5312376, 1545468677.3115778, 1545468677.8333993, 1545468678.5905259, 1545468679.3264496, 1545468679.8725321, 1545468680.6319823, 1545468681.1978118, 1545468681.9276817, 1545468682.6852405, 1545468683.2809098, 1545468684.018944, 1545468684.5238125, 1545468685.2899208, 1545468686.06424, 1545468686.6021833, 1545468687.3407342, 1545468687.872716, 1545468688.6083338, 1545468689.379262, 1545468689.9328518, 1545468690.6522686, 1545468691.2088282, 1545468691.9482355, 1545468692.699544, 1545468693.2309809, 1545468693.9868488, 1545468694.5125906, 1545468695.3367515, 1545468696.124275, 1545468696.6527913, 1545468697.4042885, 1545468697.9076703, 1545468698.6747842, 1545468699.4583788, 1545468699.9975984, 1545468700.816043, 1545468701.3705208, 1545468702.1871612, 1545468702.9698577, 1545468703.5131829, 1545468704.3408797, 1545468704.8981583, 1545468705.6828434, 1545468706.4278827, 1545468706.9741652, 1545468707.6962173, 1545468708.2009432], "episode_types": ["t", "t", "t", "t", "t", "t", "t", "t", "t", "t", "t", "t", "t", "t", "t", "t", "t", "t", "t", "t", "t", "t", "t", "t", "t", "t", "t", "t", "t", "t", "t", "t", "t", "t", "t", "t", "t", "t", "t", "t", "t", "t", "t", "t", "t", "t", "t", "t", "t", "t", "t", "t", "t", "t", "t", "t", "t", "t", "t", "t", "t", "t", "t", "t", "t", "t", "t", "t", "t"]}