{"episode_rewards": [27.0, 21.0, 42.0, 36.0, 63.0, 200.0, 200.0, 174.0, 191.0, 200.0, 200.0, 175.0, 200.0, 200.0, 174.0, 182.0, 172.0, 200.0, 200.0, 200.0, 200.0, 200.0, 200.0, 200.0, 200.0, 200.0, 200.0, 200.0, 200.0, 200.0, 200.0, 200.0, 200.0, 200.0, 200.0, 200.0, 200.0, 200.0, 200.0, 200.0, 200.0, 200.0, 200.0, 200.0, 200.0, 200.0, 200.0, 200.0, 200.0, 200.0, 200.0, 200.0, 200.0, 200.0, 200.0, 200.0, 200.0, 200.0, 200.0, 200.0, 200.0, 200.0, 200.0, 200.0, 200.0, 200.0, 200.0], "initial_reset_timestamp": 1545468666.4465756, "episode_lengths": [27, 21, 42, 36, 63, 200, 200, 174, 191, 200, 200, 175, 200, 200, 174, 182, 172, 200, 200, 200, 200, 200, 200, 200, 200, 200, 200, 200, 200, 200, 200, 200, 200, 200, 200, 200, 200, 200, 200, 200, 200, 200, 200, 200, 200, 200, 200, 200, 200, 200, 200, 200, 200, 200, 200, 200, 200, 200, 200, 200, 200, 200, 200, 200, 200, 200, 200], "timestamps": [1545468666.50111, 1545468666.5492094, 1545468666.6497865, 1545468667.0266604, 1545468667.1402109, 1545468668.0014405, 1545468668.5808358, 1545468669.324695, 1545468669.850149, 1545468670.6422935, 1545468671.1421356, 1545468671.880347, 1545468672.3942664, 1545468673.1358385, 1545468673.623236, 1545468674.4015546, 1545468674.8775551, 1545468675.6033194, 1545468676.149032, 1545468676.9327166, 1545468677.6808343, 1545468678.239036, 1545468678.9481351, 1545468679.4850101, 1545468680.2551937, 1545468681.034024, 1545468681.558183, 1545468682.3122845, 1545468682.8624563, 1545468683.6686044, 1545468684.3761535, 1545468684.920202, 1545468685.6769133, 1545468686.229183, 1545468686.969703, 1545468687.7264495, 1545468688.243253, 1545468689.0212696, 1545468689.5358486, 1545468690.298012, 1545468691.054868, 1545468691.5856624, 1545468692.3290873, 1545468692.858587, 1545468693.6142962, 1545468694.3503091, 1545468694.9382372, 1545468695.7330525, 1545468696.2926822, 1545468697.0129309, 1545468697.7607758, 1545468698.318672, 1545468699.0626278, 1545468699.617053, 1545468700.4008882, 1545468701.2169344, 1545468701.773187, 1545468702.6024878, 1545468703.1411893, 1545468703.9489667, 1545468704.7307973, 1545468705.2906315, 1545468706.0576298, 1545468706.5850103, 1545468707.3462844, 1545468708.0560102, 1545468708.6088057], "episode_types": ["t", "t", "t", "t", "t", "t", "t", "t", "t", "t", "t", "t", "t", "t", "t", "t", "t", "t", "t", "t", "t", "t", "t", "t", "t", "t", "t", "t", "t", "t", "t", "t", "t", "t", "t", "t", "t", "t", "t", "t", "t", "t", "t", "t", "t", "t", "t", "t", "t", "t", "t", "t", "t", "t", "t", "t", "t", "t", "t", "t", "t", "t", "t", "t", "t", "t", "t", "t"]}