{"episode_rewards": [15.0, 29.0, 15.0, 19.0, 15.0, 22.0, 25.0, 58.0, 44.0, 46.0, 200.0, 200.0, 86.0, 200.0, 200.0, 200.0, 200.0, 200.0, 200.0, 200.0, 195.0, 200.0, 200.0, 200.0, 200.0, 200.0, 200.0, 200.0, 200.0, 200.0, 200.0, 200.0, 200.0, 200.0, 200.0, 106.0, 200.0, 200.0, 200.0, 200.0, 200.0, 200.0, 200.0, 200.0, 200.0, 200.0, 200.0, 200.0, 200.0, 200.0, 200.0, 200.0, 200.0, 200.0, 200.0, 200.0, 200.0, 200.0, 200.0, 200.0, 200.0, 200.0, 200.0, 178.0, 200.0, 200.0, 200.0, 200.0, 200.0, 200.0, 200.0, 200.0], "initial_reset_timestamp": 1545468666.4472654, "episode_lengths": [15, 29, 15, 19, 15, 22, 25, 58, 44, 46, 200, 200, 86, 200, 200, 200, 200, 200, 200, 200, 195, 200, 200, 200, 200, 200, 200, 200, 200, 200, 200, 200, 200, 200, 200, 106, 200, 200, 200, 200, 200, 200, 200, 200, 200, 200, 200, 200, 200, 200, 200, 200, 200, 200, 200, 200, 200, 200, 200, 200, 200, 200, 200, 178, 200, 200, 200, 200, 200, 200, 200, 200], "timestamps": [1545468666.4791582, 1545468666.5372107, 1545468666.574397, 1545468666.6191683, 1545468666.6602378, 1545468666.7114642, 1545468667.0525398, 1545468667.1586914, 1545468667.2404542, 1545468667.5552564, 1545468668.1673281, 1545468668.982361, 1545468669.341982, 1545468669.881678, 1545468670.6728518, 1545468671.173364, 1545468671.9594355, 1545468672.6679938, 1545468673.2077827, 1545468673.9770021, 1545468674.5281165, 1545468675.2508688, 1545468676.0153291, 1545468676.5530226, 1545468677.3321657, 1545468677.8563235, 1545468678.6117358, 1545468679.3468428, 1545468679.893099, 1545468680.6527839, 1545468681.218493, 1545468681.9499617, 1545468682.708434, 1545468683.301359, 1545468684.0395093, 1545468684.4031608, 1545468684.9506798, 1545468685.707323, 1545468686.2557998, 1545468686.9975734, 1545468687.753012, 1545468688.273048, 1545468689.047529, 1545468689.564993, 1545468690.326122, 1545468691.0847938, 1545468691.6120236, 1545468692.3552454, 1545468692.8852055, 1545468693.6421788, 1545468694.3766706, 1545468694.9681969, 1545468695.762597, 1545468696.3209128, 1545468697.0413952, 1545468697.7871408, 1545468698.3452733, 1545468699.089499, 1545468699.6433597, 1545468700.4327571, 1545468701.2432919, 1545468701.8029125, 1545468702.6330605, 1545468703.1321926, 1545468703.940219, 1545468704.7234628, 1545468705.2831779, 1545468706.050456, 1545468706.5772765, 1545468707.3388648, 1545468708.0487628, 1545468708.6012905], "episode_types": ["t", "t", "t", "t", "t", "t", "t", "t", "t", "t", "t", "t", "t", "t", "t", "t", "t", "t", "t", "t", "t", "t", "t", "t", "t", "t", "t", "t", "t", "t", "t", "t", "t", "t", "t", "t", "t", "t", "t", "t", "t", "t", "t", "t", "t", "t", "t", "t", "t", "t", "t", "t", "t", "t", "t", "t", "t", "t", "t", "t", "t", "t", "t", "t", "t", "t", "t", "t", "t", "t", "t", "t", "t"]}