{"episode_rewards": [35.0, 9.0, 25.0, 20.0, 26.0, 19.0, 40.0, 44.0, 112.0, 156.0, 200.0, 99.0, 200.0, 200.0, 200.0, 200.0, 200.0, 182.0, 162.0, 183.0, 180.0, 200.0, 200.0, 200.0, 200.0, 200.0, 200.0, 200.0, 200.0, 200.0, 200.0, 200.0, 200.0, 200.0, 142.0, 117.0, 200.0, 53.0, 200.0, 200.0, 200.0, 200.0, 200.0, 200.0, 200.0, 200.0, 200.0, 200.0, 200.0, 200.0, 200.0, 200.0, 200.0, 200.0, 200.0, 200.0, 200.0, 200.0, 200.0, 200.0, 200.0, 200.0, 200.0, 200.0, 200.0, 200.0, 200.0, 200.0, 200.0, 200.0, 200.0, 200.0], "initial_reset_timestamp": 1545468666.445539, "episode_lengths": [35, 9, 25, 20, 26, 19, 40, 44, 112, 156, 200, 99, 200, 200, 200, 200, 200, 182, 162, 183, 180, 200, 200, 200, 200, 200, 200, 200, 200, 200, 200, 200, 200, 200, 142, 117, 200, 53, 200, 200, 200, 200, 200, 200, 200, 200, 200, 200, 200, 200, 200, 200, 200, 200, 200, 200, 200, 200, 200, 200, 200, 200, 200, 200, 200, 200, 200, 200, 200, 200, 200, 200], "timestamps": [1545468666.516695, 1545468666.5364034, 1545468666.5958898, 1545468666.6444855, 1545468666.7103994, 1545468667.0424097, 1545468667.110484, 1545468667.1946175, 1545468667.6429856, 1545468668.1629531, 1545468668.978486, 1545468669.3589303, 1545468669.8994124, 1545468670.690463, 1545468671.414073, 1545468671.9766517, 1545468672.687245, 1545468673.1953516, 1545468673.8966923, 1545468674.4437094, 1545468674.9293215, 1545468675.6630614, 1545468676.436289, 1545468676.9862437, 1545468677.731626, 1545468678.297497, 1545468679.0075345, 1545468679.7770257, 1545468680.3118815, 1545468681.0923066, 1545468681.6090713, 1545468682.3707745, 1545468683.173312, 1545468683.721129, 1545468684.1380408, 1545468684.515413, 1545468685.2816668, 1545468685.3701057, 1545468686.1488397, 1545468686.8873882, 1545468687.4247627, 1545468688.1507828, 1545468688.6909566, 1545468689.4544148, 1545468690.219802, 1545468690.7294965, 1545468691.5049417, 1545468692.0320685, 1545468692.7778723, 1545468693.5357444, 1545468694.0635579, 1545468694.8464773, 1545468695.4208162, 1545468696.2060957, 1545468696.9332466, 1545468697.4816494, 1545468698.2375524, 1545468698.7559521, 1545468699.5363307, 1545468700.309842, 1545468700.8966198, 1545468701.6917348, 1545468702.2758107, 1545468703.0470667, 1545468703.856292, 1545468704.4181025, 1545468705.2074168, 1545468705.7659662, 1545468706.5029926, 1545468707.2666225, 1545468707.7737174, 1545468708.527355], "episode_types": ["t", "t", "t", "t", "t", "t", "t", "t", "t", "t", "t", "t", "t", "t", "t", "t", "t", "t", "t", "t", "t", "t", "t", "t", "t", "t", "t", "t", "t", "t", "t", "t", "t", "t", "t", "t", "t", "t", "t", "t", "t", "t", "t", "t", "t", "t", "t", "t", "t", "t", "t", "t", "t", "t", "t", "t", "t", "t", "t", "t", "t", "t", "t", "t", "t", "t", "t", "t", "t", "t", "t", "t", "t"]}