{"episode_rewards": [27.0, 44.0, 15.0, 29.0, 10.0, 33.0, 38.0, 35.0, 96.0, 37.0, 176.0, 170.0, 200.0, 200.0, 200.0, 191.0, 200.0, 200.0, 193.0, 190.0, 159.0, 200.0, 200.0, 200.0, 200.0, 200.0, 200.0, 200.0, 200.0, 200.0, 200.0, 200.0, 200.0, 200.0, 200.0, 200.0, 168.0, 200.0, 200.0, 200.0, 200.0, 200.0, 200.0, 200.0, 200.0, 200.0, 200.0, 200.0, 200.0, 200.0, 200.0, 200.0, 200.0, 200.0, 200.0, 200.0, 200.0, 200.0, 200.0, 200.0, 200.0, 200.0, 200.0, 200.0, 200.0, 200.0, 200.0, 200.0, 200.0, 200.0, 200.0], "initial_reset_timestamp": 1545468666.4451337, "episode_lengths": [27, 44, 15, 29, 10, 33, 38, 35, 96, 37, 176, 170, 200, 200, 200, 191, 200, 200, 193, 190, 159, 200, 200, 200, 200, 200, 200, 200, 200, 200, 200, 200, 200, 200, 200, 200, 168, 200, 200, 200, 200, 200, 200, 200, 200, 200, 200, 200, 200, 200, 200, 200, 200, 200, 200, 200, 200, 200, 200, 200, 200, 200, 200, 200, 200, 200, 200, 200, 200, 200, 200], "timestamps": [1545468666.4999676, 1545468666.6006784, 1545468666.637704, 1545468666.7098548, 1545468666.736219, 1545468667.0807452, 1545468667.153939, 1545468667.2181606, 1545468667.6375558, 1545468667.7057269, 1545468668.4944797, 1545468669.016145, 1545468669.7837708, 1545468670.318785, 1545468671.072028, 1545468671.8318493, 1545468672.3530557, 1545468673.094532, 1545468673.606253, 1545468674.3990242, 1545468674.8536572, 1545468675.577316, 1545468676.1261754, 1545468676.9101934, 1545468677.443197, 1545468678.212896, 1545468678.9246671, 1545468679.460839, 1545468680.232589, 1545468680.7764919, 1545468681.5353587, 1545468682.2890787, 1545468682.835841, 1545468683.645497, 1545468684.1519098, 1545468684.8933382, 1545468685.3826137, 1545468686.160373, 1545468686.899688, 1545468687.4360473, 1545468688.1632473, 1545468688.7042556, 1545468689.4659164, 1545468690.2305553, 1545468690.7415102, 1545468691.5159109, 1545468692.04498, 1545468692.788786, 1545468693.5466962, 1545468694.0745995, 1545468694.859039, 1545468695.4333358, 1545468696.2200933, 1545468696.9447057, 1545468697.492525, 1545468698.2485223, 1545468698.7671564, 1545468699.547203, 1545468700.32236, 1545468700.9089599, 1545468701.7026076, 1545468702.2889876, 1545468703.0595546, 1545468703.868245, 1545468704.4293232, 1545468705.2196898, 1545468705.777123, 1545468706.5140045, 1545468707.2778172, 1545468707.7848105, 1545468708.5384095], "episode_types": ["t", "t", "t", "t", "t", "t", "t", "t", "t", "t", "t", "t", "t", "t", "t", "t", "t", "t", "t", "t", "t", "t", "t", "t", "t", "t", "t", "t", "t", "t", "t", "t", "t", "t", "t", "t", "t", "t", "t", "t", "t", "t", "t", "t", "t", "t", "t", "t", "t", "t", "t", "t", "t", "t", "t", "t", "t", "t", "t", "t", "t", "t", "t", "t", "t", "t", "t", "t", "t", "t", "t", "t"]}