{"episode_rewards": [19.0, 46.0, 15.0, 12.0, 20.0, 48.0, 52.0, 44.0, 178.0, 94.0, 181.0, 155.0, 200.0, 199.0, 150.0, 200.0, 200.0, 200.0, 200.0, 200.0, 172.0, 200.0, 200.0, 200.0, 200.0, 200.0, 200.0, 200.0, 200.0, 200.0, 200.0, 200.0, 200.0, 200.0, 200.0, 200.0, 200.0, 200.0, 200.0, 200.0, 200.0, 200.0, 200.0, 200.0, 200.0, 200.0, 200.0, 200.0, 200.0, 200.0, 200.0, 200.0, 200.0, 200.0, 200.0, 200.0, 200.0, 200.0, 200.0, 200.0, 200.0, 200.0, 200.0, 200.0, 200.0, 200.0, 200.0, 200.0, 200.0, 200.0], "initial_reset_timestamp": 1545468666.445538, "episode_lengths": [19, 46, 15, 12, 20, 48, 52, 44, 178, 94, 181, 155, 200, 199, 150, 200, 200, 200, 200, 200, 172, 200, 200, 200, 200, 200, 200, 200, 200, 200, 200, 200, 200, 200, 200, 200, 200, 200, 200, 200, 200, 200, 200, 200, 200, 200, 200, 200, 200, 200, 200, 200, 200, 200, 200, 200, 200, 200, 200, 200, 200, 200, 200, 200, 200, 200, 200, 200, 200, 200], "timestamps": [1545468666.486848, 1545468666.5877583, 1545468666.6254053, 1545468666.6568596, 1545468666.7023041, 1545468667.0849717, 1545468667.183549, 1545468667.4939115, 1545468668.0734103, 1545468668.473705, 1545468669.013808, 1545468669.4768586, 1545468670.2490451, 1545468671.0026827, 1545468671.4543266, 1545468672.0168946, 1545468672.7354453, 1545468673.467708, 1545468674.0464432, 1545468674.8083715, 1545468675.2783065, 1545468676.0398855, 1545468676.5813591, 1545468677.3561652, 1545468678.127537, 1545468678.63688, 1545468679.3730679, 1545468679.9175212, 1545468680.6768801, 1545468681.4460423, 1545468681.9742959, 1545468682.7368758, 1545468683.325977, 1545468684.0638492, 1545468684.807182, 1545468685.3369012, 1545468686.115391, 1545468686.6533716, 1545468687.389473, 1545468688.1173453, 1545468688.6573918, 1545468689.4238307, 1545468689.9782212, 1545468690.696721, 1545468691.4717038, 1545468691.998352, 1545468692.7476814, 1545468693.2764146, 1545468694.0319884, 1545468694.8128731, 1545468695.3860948, 1545468696.1725612, 1545468696.7009904, 1545468697.4491084, 1545468698.2078593, 1545468698.7218664, 1545468699.5057204, 1545468700.0509768, 1545468700.861173, 1545468701.6615517, 1545468702.2425, 1545468703.015948, 1545468703.56618, 1545468704.387572, 1545468705.1748598, 1545468705.7326071, 1545468706.4739747, 1545468707.0282834, 1545468707.7427104, 1545468708.4981055], "episode_types": ["t", "t", "t", "t", "t", "t", "t", "t", "t", "t", "t", "t", "t", "t", "t", "t", "t", "t", "t", "t", "t", "t", "t", "t", "t", "t", "t", "t", "t", "t", "t", "t", "t", "t", "t", "t", "t", "t", "t", "t", "t", "t", "t", "t", "t", "t", "t", "t", "t", "t", "t", "t", "t", "t", "t", "t", "t", "t", "t", "t", "t", "t", "t", "t", "t", "t", "t", "t", "t", "t", "t"]}