{"episode_rewards": [15.0, 21.0, 18.0, 25.0, 25.0, 12.0, 11.0, 41.0, 29.0, 87.0, 29.0, 111.0, 141.0, 200.0, 106.0, 200.0, 200.0, 143.0, 200.0, 200.0, 200.0, 200.0, 140.0, 180.0, 200.0, 200.0, 200.0, 200.0, 200.0, 200.0, 200.0, 200.0, 200.0, 200.0, 200.0, 200.0, 200.0, 200.0, 200.0, 200.0, 200.0, 200.0, 200.0, 200.0, 200.0, 200.0, 200.0, 200.0, 200.0, 200.0, 200.0, 200.0, 200.0, 200.0, 200.0, 200.0, 200.0, 200.0, 200.0, 200.0, 200.0, 200.0, 200.0, 200.0, 200.0, 200.0, 200.0, 200.0, 200.0, 200.0, 200.0, 200.0, 200.0], "initial_reset_timestamp": 1545468666.4470863, "episode_lengths": [15, 21, 18, 25, 25, 12, 11, 41, 29, 87, 29, 111, 141, 200, 106, 200, 200, 143, 200, 200, 200, 200, 140, 180, 200, 200, 200, 200, 200, 200, 200, 200, 200, 200, 200, 200, 200, 200, 200, 200, 200, 200, 200, 200, 200, 200, 200, 200, 200, 200, 200, 200, 200, 200, 200, 200, 200, 200, 200, 200, 200, 200, 200, 200, 200, 200, 200, 200, 200, 200, 200, 200, 200], "timestamps": [1545468666.4789083, 1545468666.5197463, 1545468666.5623932, 1545468666.6221597, 1545468666.6841397, 1545468666.714088, 1545468667.0301569, 1545468667.0996149, 1545468667.1563082, 1545468667.5451531, 1545468667.6101093, 1545468668.0557666, 1545468668.53937, 1545468669.3284345, 1545468669.4878116, 1545468670.2612422, 1545468671.014913, 1545468671.456729, 1545468672.0195286, 1545468672.7384846, 1545468673.4704251, 1545468674.0490744, 1545468674.504707, 1545468675.1968462, 1545468675.7326777, 1545468676.497964, 1545468677.279714, 1545468677.796913, 1545468678.5585978, 1545468679.0691085, 1545468679.8390923, 1545468680.5997741, 1545468681.1613784, 1545468681.8918922, 1545468682.4375675, 1545468683.2434354, 1545468683.987064, 1545468684.490491, 1545468685.2565956, 1545468685.8077245, 1545468686.565533, 1545468687.3087342, 1545468687.8405728, 1545468688.5751839, 1545468689.135162, 1545468689.8992488, 1545468690.6205425, 1545468691.1729796, 1545468691.9164624, 1545468692.4413543, 1545468693.1975338, 1545468693.954976, 1545468694.475949, 1545468695.3049026, 1545468695.8632383, 1545468696.6192117, 1545468697.3723025, 1545468697.8747363, 1545468698.642778, 1545468699.1768494, 1545468699.9639535, 1545468700.7840974, 1545468701.333893, 1545468702.1497538, 1545468702.7279253, 1545468703.4794161, 1545468704.3044374, 1545468704.8611472, 1545468705.645798, 1545468706.1710138, 1545468706.936599, 1545468707.6642094, 1545468708.1688354], "episode_types": ["t", "t", "t", "t", "t", "t", "t", "t", "t", "t", "t", "t", "t", "t", "t", "t", "t", "t", "t", "t", "t", "t", "t", "t", "t", "t", "t", "t", "t", "t", "t", "t", "t", "t", "t", "t", "t", "t", "t", "t", "t", "t", "t", "t", "t", "t", "t", "t", "t", "t", "t", "t", "t", "t", "t", "t", "t", "t", "t", "t", "t", "t", "t", "t", "t", "t", "t", "t", "t", "t", "t", "t", "t", "t"]}