{"episode_rewards": [43.0, 16.0, 12.0, 9.0, 10.0, 15.0, 15.0, 63.0, 35.0, 47.0, 40.0, 42.0, 133.0, 147.0, 200.0, 200.0, 200.0, 200.0, 200.0, 200.0, 200.0, 174.0, 200.0, 190.0, 200.0, 200.0, 200.0, 200.0, 200.0, 200.0, 200.0, 200.0, 200.0, 200.0, 200.0, 200.0, 200.0, 200.0, 200.0, 200.0, 200.0, 200.0, 200.0, 200.0, 200.0, 200.0, 200.0, 200.0, 200.0, 200.0, 200.0, 200.0, 200.0, 200.0, 200.0, 200.0, 200.0, 200.0, 200.0, 200.0, 200.0, 200.0, 200.0, 172.0, 200.0, 200.0, 200.0, 200.0, 200.0, 200.0, 200.0, 200.0, 200.0], "initial_reset_timestamp": 1545468666.445901, "episode_lengths": [43, 16, 12, 9, 10, 15, 15, 63, 35, 47, 40, 42, 133, 147, 200, 200, 200, 200, 200, 200, 200, 174, 200, 190, 200, 200, 200, 200, 200, 200, 200, 200, 200, 200, 200, 200, 200, 200, 200, 200, 200, 200, 200, 200, 200, 200, 200, 200, 200, 200, 200, 200, 200, 200, 200, 200, 200, 200, 200, 200, 200, 200, 200, 172, 200, 200, 200, 200, 200, 200, 200, 200, 200], "timestamps": [1545468666.5324626, 1545468666.5734754, 1545468666.601411, 1545468666.6242638, 1545468666.648902, 1545468666.6862104, 1545468666.7229478, 1545468667.1276987, 1545468667.1953158, 1545468667.5096235, 1545468667.5924826, 1545468667.6738286, 1545468668.1522858, 1545468668.8907323, 1545468669.4233382, 1545468670.1954045, 1545468670.7573254, 1545468671.4791358, 1545468672.243372, 1545468672.7614872, 1545468673.4921641, 1545468674.025225, 1545468674.7907708, 1545468675.2887812, 1545468676.049164, 1545468676.5920167, 1545468677.3655064, 1545468678.1368763, 1545468678.6464179, 1545468679.3833945, 1545468679.9271123, 1545468680.6864986, 1545468681.4564419, 1545468681.98416, 1545468682.7471833, 1545468683.335602, 1545468684.0737772, 1545468684.8178113, 1545468685.3480332, 1545468686.1266978, 1545468686.66526, 1545468687.4025693, 1545468688.128613, 1545468688.668842, 1545468689.4347587, 1545468689.9892898, 1545468690.7074924, 1545468691.4828815, 1545468692.010399, 1545468692.7584531, 1545468693.2872891, 1545468694.0426898, 1545468694.824306, 1545468695.3983889, 1545468696.1840396, 1545468696.713013, 1545468697.4612634, 1545468698.218413, 1545468698.733039, 1545468699.5166068, 1545468700.0630448, 1545468700.873557, 1545468701.6725218, 1545468702.2012653, 1545468702.980623, 1545468703.5246823, 1545468704.3518414, 1545468704.910465, 1545468705.6948733, 1545468706.4387, 1545468706.986384, 1545468707.707171, 1545468708.2122338], "episode_types": ["t", "t", "t", "t", "t", "t", "t", "t", "t", "t", "t", "t", "t", "t", "t", "t", "t", "t", "t", "t", "t", "t", "t", "t", "t", "t", "t", "t", "t", "t", "t", "t", "t", "t", "t", "t", "t", "t", "t", "t", "t", "t", "t", "t", "t", "t", "t", "t", "t", "t", "t", "t", "t", "t", "t", "t", "t", "t", "t", "t", "t", "t", "t", "t", "t", "t", "t", "t", "t", "t", "t", "t", "t", "t"]}