{"episode_rewards": [34.0, 26.0, 17.0, 28.0, 18.0, 32.0, 21.0, 32.0, 25.0, 55.0, 200.0, 126.0, 200.0, 200.0, 200.0, 200.0, 200.0, 200.0, 200.0, 198.0, 158.0, 200.0, 200.0, 200.0, 200.0, 200.0, 200.0, 200.0, 200.0, 200.0, 200.0, 200.0, 200.0, 200.0, 200.0, 200.0, 200.0, 200.0, 200.0, 200.0, 200.0, 200.0, 200.0, 200.0, 200.0, 200.0, 200.0, 200.0, 200.0, 200.0, 200.0, 200.0, 200.0, 200.0, 200.0, 200.0, 200.0, 200.0, 200.0, 200.0, 200.0, 200.0, 200.0, 200.0, 200.0, 200.0, 200.0, 200.0, 200.0, 200.0, 200.0], "initial_reset_timestamp": 1545468666.4485235, "episode_lengths": [34, 26, 17, 28, 18, 32, 21, 32, 25, 55, 200, 126, 200, 200, 200, 200, 200, 200, 200, 198, 158, 200, 200, 200, 200, 200, 200, 200, 200, 200, 200, 200, 200, 200, 200, 200, 200, 200, 200, 200, 200, 200, 200, 200, 200, 200, 200, 200, 200, 200, 200, 200, 200, 200, 200, 200, 200, 200, 200, 200, 200, 200, 200, 200, 200, 200, 200, 200, 200, 200, 200], "timestamps": [1545468666.5150437, 1545468666.5768628, 1545468666.6170833, 1545468666.688286, 1545468666.7324092, 1545468667.0761032, 1545468667.1158054, 1545468667.1763113, 1545468667.22346, 1545468667.556855, 1545468668.1683981, 1545468668.6250021, 1545468669.400629, 1545468670.1757479, 1545468670.7343478, 1545468671.4575133, 1545468672.0203297, 1545468672.7392347, 1545468673.4711368, 1545468674.0437665, 1545468674.530688, 1545468675.2535973, 1545468676.0181901, 1545468676.5561137, 1545468677.334585, 1545468677.8594365, 1545468678.6146104, 1545468679.3490791, 1545468679.8955472, 1545468680.65514, 1545468681.2209754, 1545468681.9524405, 1545468682.7115521, 1545468683.303927, 1545468684.0421317, 1545468684.5457537, 1545468685.314506, 1545468686.0904505, 1545468686.628183, 1545468687.3650577, 1545468687.8962944, 1545468688.6331482, 1545468689.4021451, 1545468689.9560492, 1545468690.675082, 1545468691.235034, 1545468691.972947, 1545468692.722472, 1545468693.2544975, 1545468694.0101612, 1545468694.5394297, 1545468695.3610282, 1545468696.1485634, 1545468696.6764915, 1545468697.427339, 1545468697.9318206, 1545468698.6997066, 1545468699.4814782, 1545468700.0212028, 1545468700.8393724, 1545468701.3969, 1545468702.2167702, 1545468702.9940517, 1545468703.5407467, 1545468704.3654003, 1545468704.9273982, 1545468705.7108126, 1545468706.4519012, 1545468707.00237, 1545468707.7206702, 1545468708.22656], "episode_types": ["t", "t", "t", "t", "t", "t", "t", "t", "t", "t", "t", "t", "t", "t", "t", "t", "t", "t", "t", "t", "t", "t", "t", "t", "t", "t", "t", "t", "t", "t", "t", "t", "t", "t", "t", "t", "t", "t", "t", "t", "t", "t", "t", "t", "t", "t", "t", "t", "t", "t", "t", "t", "t", "t", "t", "t", "t", "t", "t", "t", "t", "t", "t", "t", "t", "t", "t", "t", "t", "t", "t", "t"]}