{"episode_rewards": [29.0, 17.0, 46.0, 13.0, 16.0, 10.0, 31.0, 28.0, 52.0, 42.0, 121.0, 150.0, 200.0, 200.0, 200.0, 200.0, 147.0, 184.0, 200.0, 200.0, 179.0, 200.0, 193.0, 200.0, 200.0, 200.0, 200.0, 200.0, 200.0, 200.0, 200.0, 200.0, 200.0, 200.0, 200.0, 200.0, 129.0, 200.0, 200.0, 200.0, 200.0, 200.0, 200.0, 200.0, 200.0, 200.0, 200.0, 200.0, 200.0, 200.0, 200.0, 200.0, 200.0, 200.0, 200.0, 200.0, 200.0, 200.0, 200.0, 200.0, 200.0, 200.0, 200.0, 200.0, 200.0, 200.0, 200.0, 200.0, 200.0, 200.0, 200.0, 200.0], "initial_reset_timestamp": 1545468666.4481804, "episode_lengths": [29, 17, 46, 13, 16, 10, 31, 28, 52, 42, 121, 150, 200, 200, 200, 200, 147, 184, 200, 200, 179, 200, 193, 200, 200, 200, 200, 200, 200, 200, 200, 200, 200, 200, 200, 200, 129, 200, 200, 200, 200, 200, 200, 200, 200, 200, 200, 200, 200, 200, 200, 200, 200, 200, 200, 200, 200, 200, 200, 200, 200, 200, 200, 200, 200, 200, 200, 200, 200, 200, 200, 200], "timestamps": [1545468666.5048773, 1545468666.5443058, 1545468666.6577067, 1545468666.6876545, 1545468666.727069, 1545468667.0366683, 1545468667.0892608, 1545468667.1431208, 1545468667.242264, 1545468667.5461307, 1545468668.0252376, 1545468668.5206196, 1545468669.3126287, 1545468669.8526492, 1545468670.6446302, 1545468671.1447341, 1545468671.8352349, 1545468672.3295906, 1545468673.0727408, 1545468673.5928977, 1545468674.366721, 1545468674.8900254, 1545468675.606232, 1545468676.1515915, 1545468676.9350903, 1545468677.6831079, 1545468678.2420802, 1545468678.9513774, 1545468679.488054, 1545468680.2575698, 1545468681.0369682, 1545468681.5605917, 1545468682.3153567, 1545468682.865625, 1545468683.6711252, 1545468684.3785253, 1545468684.8112593, 1545468685.341113, 1545468686.1198292, 1545468686.6581662, 1545468687.3939118, 1545468688.1214752, 1545468688.6617987, 1545468689.4278865, 1545468689.9825356, 1545468690.7008114, 1545468691.4760342, 1545468692.0029824, 1545468692.7518444, 1545468693.2806141, 1545468694.0361369, 1545468694.817263, 1545468695.390887, 1545468696.1770456, 1545468696.7056549, 1545468697.453305, 1545468698.2119794, 1545468698.7261615, 1545468699.51019, 1545468700.0556173, 1545468700.8655508, 1545468701.6661465, 1545468702.247212, 1545468703.0202305, 1545468703.570867, 1545468704.3927581, 1545468705.1792808, 1545468705.7382355, 1545468706.4780943, 1545468707.0330522, 1545468707.746967, 1545468708.5023682], "episode_types": ["t", "t", "t", "t", "t", "t", "t", "t", "t", "t", "t", "t", "t", "t", "t", "t", "t", "t", "t", "t", "t", "t", "t", "t", "t", "t", "t", "t", "t", "t", "t", "t", "t", "t", "t", "t", "t", "t", "t", "t", "t", "t", "t", "t", "t", "t", "t", "t", "t", "t", "t", "t", "t", "t", "t", "t", "t", "t", "t", "t", "t", "t", "t", "t", "t", "t", "t", "t", "t", "t", "t", "t", "t"]}