{"episode_rewards": [31.0, 16.0, 29.0, 14.0, 31.0, 16.0, 39.0, 74.0, 75.0, 33.0, 164.0, 200.0, 200.0, 191.0, 200.0, 199.0, 200.0, 200.0, 200.0, 169.0, 172.0, 200.0, 200.0, 200.0, 200.0, 200.0, 200.0, 200.0, 200.0, 200.0, 200.0, 200.0, 200.0, 200.0, 200.0, 200.0, 200.0, 200.0, 200.0, 200.0, 200.0, 200.0, 200.0, 200.0, 200.0, 200.0, 200.0, 200.0, 200.0, 200.0, 200.0, 200.0, 200.0, 200.0, 200.0, 200.0, 200.0, 200.0, 200.0, 200.0, 200.0, 200.0, 200.0, 200.0, 200.0, 200.0, 200.0, 200.0, 200.0, 200.0, 200.0], "initial_reset_timestamp": 1545468666.4465823, "episode_lengths": [31, 16, 29, 14, 31, 16, 39, 74, 75, 33, 164, 200, 200, 191, 200, 199, 200, 200, 200, 169, 172, 200, 200, 200, 200, 200, 200, 200, 200, 200, 200, 200, 200, 200, 200, 200, 200, 200, 200, 200, 200, 200, 200, 200, 200, 200, 200, 200, 200, 200, 200, 200, 200, 200, 200, 200, 200, 200, 200, 200, 200, 200, 200, 200, 200, 200, 200, 200, 200, 200, 200], "timestamps": [1545468666.5087602, 1545468666.5471148, 1545468666.6134355, 1545468666.6488912, 1545468666.726285, 1545468667.0473723, 1545468667.1149702, 1545468667.2578535, 1545468667.633594, 1545468667.695788, 1545468668.463291, 1545468669.0340188, 1545468669.8015788, 1545468670.3241308, 1545468671.0772274, 1545468671.8522897, 1545468672.369521, 1545468673.1108472, 1545468673.6395528, 1545468674.3936188, 1545468674.8707514, 1545468675.5962713, 1545468676.142304, 1545468676.9262416, 1545468677.6742773, 1545468678.2319775, 1545468678.9409192, 1545468679.4776855, 1545468680.2484648, 1545468681.0268104, 1545468681.5515423, 1545468682.3052247, 1545468682.8550997, 1545468683.6619098, 1545468684.3695023, 1545468684.9128063, 1545468685.6697116, 1545468686.2220366, 1545468686.9628253, 1545468687.7197907, 1545468688.2360566, 1545468689.0144517, 1545468689.5289116, 1545468690.2913125, 1545468691.0479019, 1545468691.5789564, 1545468692.3223364, 1545468692.8517144, 1545468693.607632, 1545468694.3433795, 1545468694.930915, 1545468695.7262998, 1545468696.285901, 1545468697.0060303, 1545468697.7540407, 1545468698.3118021, 1545468699.0559046, 1545468699.6098921, 1545468700.393458, 1545468701.2099342, 1545468701.765782, 1545468702.5952735, 1545468703.1335888, 1545468703.941595, 1545468704.7233505, 1545468705.283065, 1545468706.0503402, 1545468706.5771642, 1545468707.3387575, 1545468708.048656, 1545468708.601187], "episode_types": ["t", "t", "t", "t", "t", "t", "t", "t", "t", "t", "t", "t", "t", "t", "t", "t", "t", "t", "t", "t", "t", "t", "t", "t", "t", "t", "t", "t", "t", "t", "t", "t", "t", "t", "t", "t", "t", "t", "t", "t", "t", "t", "t", "t", "t", "t", "t", "t", "t", "t", "t", "t", "t", "t", "t", "t", "t", "t", "t", "t", "t", "t", "t", "t", "t", "t", "t", "t", "t", "t", "t", "t"]}