{"episode_rewards": [18.0, 25.0, 13.0, 21.0, 20.0, 15.0, 41.0, 89.0, 48.0, 40.0, 47.0, 200.0, 200.0, 200.0, 200.0, 200.0, 173.0, 200.0, 197.0, 183.0, 160.0, 158.0, 200.0, 200.0, 200.0, 200.0, 200.0, 200.0, 200.0, 200.0, 200.0, 200.0, 200.0, 200.0, 200.0, 200.0, 200.0, 200.0, 200.0, 200.0, 200.0, 200.0, 200.0, 200.0, 200.0, 200.0, 200.0, 200.0, 200.0, 200.0, 200.0, 200.0, 200.0, 200.0, 200.0, 200.0, 200.0, 200.0, 200.0, 200.0, 200.0, 200.0, 200.0, 200.0, 200.0, 200.0, 200.0, 200.0, 200.0, 200.0, 200.0, 200.0], "initial_reset_timestamp": 1545468666.4460814, "episode_lengths": [18, 25, 13, 21, 20, 15, 41, 89, 48, 40, 47, 200, 200, 200, 200, 200, 173, 200, 197, 183, 160, 158, 200, 200, 200, 200, 200, 200, 200, 200, 200, 200, 200, 200, 200, 200, 200, 200, 200, 200, 200, 200, 200, 200, 200, 200, 200, 200, 200, 200, 200, 200, 200, 200, 200, 200, 200, 200, 200, 200, 200, 200, 200, 200, 200, 200, 200, 200, 200, 200, 200, 200], "timestamps": [1545468666.4841945, 1545468666.5339177, 1545468666.5673225, 1545468666.6163228, 1545468666.6692793, 1545468666.7031777, 1545468667.0723283, 1545468667.2415197, 1545468667.5617175, 1545468667.644078, 1545468667.9826984, 1545468668.5601604, 1545468669.3468907, 1545468669.8867898, 1545468670.6779497, 1545468671.4018304, 1545468671.9209783, 1545468672.4256587, 1545468673.1646824, 1545468673.8997712, 1545468674.4101782, 1545468674.8624594, 1545468675.58739, 1545468676.134298, 1545468676.918179, 1545468677.4514425, 1545468678.2227955, 1545468678.93287, 1545468679.4692807, 1545468680.240581, 1545468680.786429, 1545468681.543574, 1545468682.2971625, 1545468682.8458202, 1545468683.6536028, 1545468684.1601608, 1545468684.9032085, 1545468685.6605961, 1545468686.213397, 1545468686.9547343, 1545468687.489045, 1545468688.2267802, 1545468689.0061681, 1545468689.5205781, 1545468690.2831874, 1545468690.8022745, 1545468691.5704072, 1545468692.3143115, 1545468692.8433163, 1545468693.5995142, 1545468694.1276674, 1545468694.9216907, 1545468695.717658, 1545468696.2776678, 1545468696.9976015, 1545468697.5454445, 1545468698.3031592, 1545468699.0476081, 1545468699.6015418, 1545468700.384187, 1545468700.9700472, 1545468701.7573326, 1545468702.5860589, 1545468703.1230383, 1545468703.93113, 1545468704.4832253, 1545468705.2748125, 1545468706.0420978, 1545468706.5687823, 1545468707.3305328, 1545468707.8383603, 1545468708.5928197], "episode_types": ["t", "t", "t", "t", "t", "t", "t", "t", "t", "t", "t", "t", "t", "t", "t", "t", "t", "t", "t", "t", "t", "t", "t", "t", "t", "t", "t", "t", "t", "t", "t", "t", "t", "t", "t", "t", "t", "t", "t", "t", "t", "t", "t", "t", "t", "t", "t", "t", "t", "t", "t", "t", "t", "t", "t", "t", "t", "t", "t", "t", "t", "t", "t", "t", "t", "t", "t", "t", "t", "t", "t", "t", "t"]}