{"episode_rewards": [26.0, 47.0, 19.0, 23.0, 22.0, 59.0, 53.0, 85.0, 200.0, 200.0, 140.0, 200.0, 200.0, 158.0, 200.0, 200.0, 200.0, 200.0, 166.0, 200.0, 200.0, 200.0, 200.0, 200.0, 200.0, 200.0, 200.0, 200.0, 200.0, 200.0, 200.0, 200.0, 187.0, 104.0, 200.0, 200.0, 200.0, 200.0, 200.0, 200.0, 200.0, 200.0, 200.0, 200.0, 200.0, 200.0, 200.0, 200.0, 200.0, 200.0, 200.0, 200.0, 200.0, 200.0, 200.0, 200.0, 200.0, 200.0, 200.0, 200.0, 200.0, 200.0, 200.0, 200.0, 200.0, 200.0, 200.0, 200.0, 200.0, 200.0], "initial_reset_timestamp": 1545468666.4441333, "episode_lengths": [26, 47, 19, 23, 22, 59, 53, 85, 200, 200, 140, 200, 200, 158, 200, 200, 200, 200, 166, 200, 200, 200, 200, 200, 200, 200, 200, 200, 200, 200, 200, 200, 187, 104, 200, 200, 200, 200, 200, 200, 200, 200, 200, 200, 200, 200, 200, 200, 200, 200, 200, 200, 200, 200, 200, 200, 200, 200, 200, 200, 200, 200, 200, 200, 200, 200, 200, 200, 200, 200], "timestamps": [1545468666.497855, 1545468666.6054838, 1545468666.6555681, 1545468666.7089427, 1545468667.0472574, 1545468667.1530073, 1545468667.2549407, 1545468667.6519506, 1545468668.483891, 1545468669.0517795, 1545468669.4928987, 1545468670.2664564, 1545468671.0198095, 1545468671.488144, 1545468672.2513669, 1545468672.7708502, 1545468673.5011456, 1545468674.0786293, 1545468674.7853673, 1545468675.301266, 1545468676.0598059, 1545468676.6042066, 1545468677.3776567, 1545468678.147501, 1545468678.657146, 1545468679.3940122, 1545468679.9380686, 1545468680.700653, 1545468681.4685864, 1545468681.9951332, 1545468682.7592294, 1545468683.347274, 1545468684.0637867, 1545468684.4234955, 1545468684.9743156, 1545468685.7323825, 1545468686.5002294, 1545468687.0184693, 1545468687.773804, 1545468688.2965827, 1545468689.0678189, 1545468689.8334749, 1545468690.3465996, 1545468691.10644, 1545468691.632412, 1545468692.3756747, 1545468693.1320648, 1545468693.6625447, 1545468694.3988357, 1545468694.9920692, 1545468695.7877429, 1545468696.5539715, 1545468697.0620728, 1545468697.8075662, 1545468698.365989, 1545468699.109872, 1545468699.898335, 1545468700.4559696, 1545468701.2640207, 1545468701.8263962, 1545468702.6580904, 1545468703.4129505, 1545468704.0044897, 1545468704.7832797, 1545468705.3381503, 1545468706.1045895, 1545468706.872532, 1545468707.3948162, 1545468708.102883, 1545468708.6563098], "episode_types": ["t", "t", "t", "t", "t", "t", "t", "t", "t", "t", "t", "t", "t", "t", "t", "t", "t", "t", "t", "t", "t", "t", "t", "t", "t", "t", "t", "t", "t", "t", "t", "t", "t", "t", "t", "t", "t", "t", "t", "t", "t", "t", "t", "t", "t", "t", "t", "t", "t", "t", "t", "t", "t", "t", "t", "t", "t", "t", "t", "t", "t", "t", "t", "t", "t", "t", "t", "t", "t", "t", "t"]}