{"episode_rewards": [19.0, 14.0, 11.0, 18.0, 38.0, 19.0, 109.0, 67.0, 57.0, 87.0, 64.0, 99.0, 137.0, 165.0, 193.0, 200.0, 156.0, 200.0, 200.0, 200.0, 200.0, 169.0, 200.0, 200.0, 200.0, 200.0, 200.0, 200.0, 200.0, 200.0, 200.0, 200.0, 200.0, 200.0, 200.0, 200.0, 200.0, 143.0, 200.0, 200.0, 200.0, 200.0, 200.0, 200.0, 200.0, 200.0, 200.0, 200.0, 200.0, 200.0, 200.0, 200.0, 200.0, 200.0, 200.0, 200.0, 200.0, 200.0, 200.0, 200.0, 200.0, 200.0, 200.0, 200.0, 200.0, 200.0, 200.0, 200.0, 200.0, 200.0, 200.0, 200.0], "initial_reset_timestamp": 1545468666.4443395, "episode_lengths": [19, 14, 11, 18, 38, 19, 109, 67, 57, 87, 64, 99, 137, 165, 193, 200, 156, 200, 200, 200, 200, 169, 200, 200, 200, 200, 200, 200, 200, 200, 200, 200, 200, 200, 200, 200, 200, 143, 200, 200, 200, 200, 200, 200, 200, 200, 200, 200, 200, 200, 200, 200, 200, 200, 200, 200, 200, 200, 200, 200, 200, 200, 200, 200, 200, 200, 200, 200, 200, 200, 200, 200], "timestamps": [1545468666.4862046, 1545468666.5125456, 1545468666.5382788, 1545468666.5814419, 1545468666.6759267, 1545468666.7207055, 1545468667.2126505, 1545468667.5720541, 1545468667.6833584, 1545468668.0834453, 1545468668.4315162, 1545468668.6042764, 1545468669.0601044, 1545468669.7743738, 1545468670.2994633, 1545468671.0529711, 1545468671.525199, 1545468672.2822845, 1545468672.8066752, 1545468673.5364969, 1545468674.3463027, 1545468674.822081, 1545468675.3415601, 1545468676.0957024, 1545468676.8760407, 1545468677.4124508, 1545468678.182281, 1545468678.6916745, 1545468679.430229, 1545468680.2023764, 1545468680.7418878, 1545468681.5031354, 1545468682.0298812, 1545468682.801247, 1545468683.6150856, 1545468684.1198916, 1545468684.862475, 1545468685.3034666, 1545468686.0800195, 1545468686.6177273, 1545468687.3543317, 1545468687.8865843, 1545468688.6234844, 1545468689.3926845, 1545468689.9465508, 1545468690.6658065, 1545468691.2243435, 1545468691.9618278, 1545468692.713143, 1545468693.244578, 1545468694.000367, 1545468694.5283365, 1545468695.3503468, 1545468696.139243, 1545468696.6666682, 1545468697.417986, 1545468697.9214802, 1545468698.6883821, 1545468699.4721236, 1545468700.0113287, 1545468700.829804, 1545468701.386161, 1545468702.2058783, 1545468702.9846199, 1545468703.529646, 1545468704.3557754, 1545468704.9154024, 1545468705.699926, 1545468706.4425716, 1545468706.9914062, 1545468707.711089, 1545468708.216433], "episode_types": ["t", "t", "t", "t", "t", "t", "t", "t", "t", "t", "t", "t", "t", "t", "t", "t", "t", "t", "t", "t", "t", "t", "t", "t", "t", "t", "t", "t", "t", "t", "t", "t", "t", "t", "t", "t", "t", "t", "t", "t", "t", "t", "t", "t", "t", "t", "t", "t", "t", "t", "t", "t", "t", "t", "t", "t", "t", "t", "t", "t", "t", "t", "t", "t", "t", "t", "t", "t", "t", "t", "t", "t", "t"]}