{"Epoch": 841, "TotalNEpisodes": 0, "TotalNSamples": 0.0, "Entropy": 1.4094911813735962, "Perplexity": 4.0938720703125, "AveragePolicyProb[0]": 0.14463870227336884, "AveragePolicyProb[1]": 0.12460308521986008, "AveragePolicyProb[2]": 0.33807429671287537, "AveragePolicyProb[3]": 0.1069202646613121, "AveragePolicyProb[4]": 0.2840428054332733, "AveragePolicyProb[5]": 0.001719968975521624, "|VfPred|": 2.865351915359497, "|VfTarget|": 2.855536699295044, "VfLoss": 0.03889036923646927}
{"Epoch": 842, "AverageReturn": -21.0, "MinReturn": -21.0, "MaxReturn": -21.0, "StdReturn": 0.0, "AverageEpisodeLength": 3056.0, "MinEpisodeLength": 3056.0, "MaxEpisodeLength": 3056.0, "StdEpisodeLength": 0.0, "TotalNEpisodes": 16, "TotalNSamples": 48896.0, "Entropy": 1.4989033937454224, "Perplexity": 4.476777076721191, "AveragePolicyProb[0]": 0.1389891356229782, "AveragePolicyProb[1]": 0.12816494703292847, "AveragePolicyProb[2]": 0.210438534617424, "AveragePolicyProb[3]": 0.3014676868915558, "AveragePolicyProb[4]": 0.1805037260055542, "AveragePolicyProb[5]": 0.04043641313910484, "|VfPred|": 2.1051530838012695, "|VfTarget|": 2.0276811122894287, "VfLoss": 0.2498294711112976}
{"Epoch": 843, "AverageReturn": -21.0, "MinReturn": -21.0, "MaxReturn": -21.0, "StdReturn": 0.0, "AverageEpisodeLength": 3056.0, "MinEpisodeLength": 3056.0, "MaxEpisodeLength": 3056.0, "StdEpisodeLength": 0.0, "TotalNEpisodes": 16, "TotalNSamples": 48896.0, "Entropy": 1.5463953018188477, "Perplexity": 4.694517135620117, "AveragePolicyProb[0]": 0.1430993676185608, "AveragePolicyProb[1]": 0.13981196284294128, "AveragePolicyProb[2]": 0.1497800201177597, "AveragePolicyProb[3]": 0.25299951434135437, "AveragePolicyProb[4]": 0.16336572170257568, "AveragePolicyProb[5]": 0.15094207227230072, "|VfPred|": 0.5741909742355347, "|VfTarget|": 0.617916464805603, "VfLoss": 0.09346795082092285}
{"Epoch": 844, "AverageReturn": -20.58823529411765, "MinReturn": -21.0, "MaxReturn": -14.0, "StdReturn": 1.6470588235294117, "AverageEpisodeLength": 3278.0588235294117, "MinEpisodeLength": 3056.0, "MaxEpisodeLength": 6831.0, "StdEpisodeLength": 888.2352941176471, "TotalNEpisodes": 17, "TotalNSamples": 55727.0, "Entropy": 1.5631545782089233, "Perplexity": 4.773857116699219, "AveragePolicyProb[0]": 0.17601479589939117, "AveragePolicyProb[1]": 0.18965931236743927, "AveragePolicyProb[2]": 0.12255652248859406, "AveragePolicyProb[3]": 0.19679415225982666, "AveragePolicyProb[4]": 0.13472844660282135, "AveragePolicyProb[5]": 0.18024680018424988, "|VfPred|": 0.845004677772522, "|VfTarget|": 0.8701232671737671, "VfLoss": 0.05327434092760086}
{"Epoch": 845, "AverageReturn": -10.192307692307692, "MinReturn": -21.0, "MaxReturn": 13.0, "StdReturn": 14.390218982588971, "AverageEpisodeLength": 5194.076923076923, "MinEpisodeLength": 3056.0, "MaxEpisodeLength": 9536.0, "StdEpisodeLength": 2739.356829665804, "TotalNEpisodes": 26, "TotalNSamples": 135046.0, "Entropy": 1.5473759174346924, "Perplexity": 4.699122905731201, "AveragePolicyProb[0]": 0.16811047494411469, "AveragePolicyProb[1]": 0.18177402019500732, "AveragePolicyProb[2]": 0.11834949254989624, "AveragePolicyProb[3]": 0.2089475393295288, "AveragePolicyProb[4]": 0.12213628739118576, "AveragePolicyProb[5]": 0.20068152248859406, "|VfPred|": 0.9274454116821289, "|VfTarget|": 0.934665858745575, "VfLoss": 0.030357733368873596}
