{"episode_rewards": [-21.0, 10.0], "episode_types": ["t", "t", "t"], "initial_reset_timestamp": 1545488294.0009422, "timestamps": [1545488340.1648812, 1545488487.6837394], "episode_lengths": [3056, 9701]}