{"episode_rewards": [-21.0, 10.0], "episode_types": ["t", "t", "t"], "initial_reset_timestamp": 1545488294.055405, "timestamps": [1545488339.3613532, 1545488480.7005086], "episode_lengths": [3056, 9239]}