{"episode_rewards": [-21.0, 8.0], "episode_types": ["t", "t", "t"], "initial_reset_timestamp": 1545488294.0278428, "timestamps": [1545488339.4947715, 1545488477.153614], "episode_lengths": [3056, 9012]}