{"episode_rewards": [-21.0, 11.0], "episode_types": ["t", "t", "t"], "initial_reset_timestamp": 1545488294.111797, "timestamps": [1545488339.7005665, 1545488487.26164], "episode_lengths": [3056, 9655]}