{"episode_rewards": [-21.0, 5.0], "episode_types": ["t", "t", "t"], "initial_reset_timestamp": 1545488294.111797, "timestamps": [1545488339.7060404, 1545488487.082376], "episode_lengths": [3056, 9636]}