{"episode_rewards": [-21.0, 8.0], "episode_types": ["t", "t", "t"], "initial_reset_timestamp": 1545488294.0009735, "timestamps": [1545488340.1637933, 1545488475.953721], "episode_lengths": [3056, 8925]}