{"episode_rewards": [-21.0], "episode_types": ["t", "t"], "initial_reset_timestamp": 1545488294.1362813, "timestamps": [1545488339.7275283], "episode_lengths": [3056]}