{"episode_rewards": [-21.0, 8.0], "episode_types": ["t", "t", "t"], "initial_reset_timestamp": 1545488294.1909301, "timestamps": [1545488339.5376685, 1545488484.963138], "episode_lengths": [3056, 9536]}