{"episode_rewards": [-21.0, 13.0], "episode_types": ["t", "t", "t"], "initial_reset_timestamp": 1545488294.0857792, "timestamps": [1545488339.635458, 1545488468.7270153], "episode_lengths": [3056, 8496]}