{"episode_rewards": [-21.0, 8.0], "episode_types": ["t", "t", "t"], "initial_reset_timestamp": 1545488294.0860007, "timestamps": [1545488339.6330194, 1545488473.9155815], "episode_lengths": [3056, 8803]}