{"episode_rewards": [-21.0, 12.0], "episode_types": ["t", "t", "t"], "initial_reset_timestamp": 1545488294.0548632, "timestamps": [1545488339.3592055, 1545488464.818855], "episode_lengths": [3056, 8244]}