{"episode_rewards": [-21.0, 10.0], "episode_types": ["t", "t", "t"], "initial_reset_timestamp": 1545488294.0274796, "timestamps": [1545488339.4917417, 1545488466.3402355], "episode_lengths": [3056, 8356]}