{"episode_rewards": [-21.0, 8.0], "episode_types": ["t", "t", "t"], "initial_reset_timestamp": 1545488294.1909301, "timestamps": [1545488339.5350022, 1545488472.267589], "episode_lengths": [3056, 8708]}