{"episode_rewards": [-21.0], "episode_types": ["t", "t"], "initial_reset_timestamp": 1545488294.1596549, "timestamps": [1545488339.3923545], "episode_lengths": [3056]}