{"episode_rewards": [-21.0, -14.0], "episode_types": ["t", "t", "t"], "initial_reset_timestamp": 1545488294.1362455, "timestamps": [1545488339.7327979, 1545488443.3257852], "episode_lengths": [3056, 6831]}