{"Iteration": 0, "Steps": 999, "Epsilon": 0.905095, "Episodes": 58, "AverageReturn": 0.0, "AverageDiscountedReturn": 0.0, "TDError^2": NaN}
{"Iteration": 1, "Steps": 1999, "Epsilon": 0.810095, "Episodes": 114, "AverageReturn": 0.4, "AverageDiscountedReturn": 0.33672433735428103, "TDError^2": 0.007765504065901041}
{"Iteration": 2, "Steps": 2999, "Epsilon": 0.715095, "Episodes": 191, "AverageReturn": 0.2, "AverageDiscountedReturn": 0.18553721249088043, "TDError^2": 0.016948305070400238}
{"Iteration": 3, "Steps": 3999, "Epsilon": 0.6200950000000001, "Episodes": 278, "AverageReturn": 0.6, "AverageDiscountedReturn": 0.540189182167318, "TDError^2": 0.02172810584306717}
{"Iteration": 4, "Steps": 4999, "Epsilon": 0.5250950000000001, "Episodes": 372, "AverageReturn": 0.6, "AverageDiscountedReturn": 0.5399390997075305, "TDError^2": 0.01793576218187809}
{"Iteration": 5, "Steps": 5999, "Epsilon": 0.430095, "Episodes": 466, "AverageReturn": 0.7, "AverageDiscountedReturn": 0.6219650384110753, "TDError^2": 0.020498549565672874}
{"Iteration": 6, "Steps": 6999, "Epsilon": 0.33509500000000003, "Episodes": 582, "AverageReturn": 0.7, "AverageDiscountedReturn": 0.6628495746807989, "TDError^2": 0.025826985016465187}
{"Iteration": 7, "Steps": 7999, "Epsilon": 0.24009499999999995, "Episodes": 715, "AverageReturn": 0.8, "AverageDiscountedReturn": 0.7430055968710421, "TDError^2": 0.025585411116480827}
{"Iteration": 8, "Steps": 8999, "Epsilon": 0.14509499999999997, "Episodes": 859, "AverageReturn": 1.0, "AverageDiscountedReturn": 0.9387689737697201, "TDError^2": 0.025558525696396828}
{"Iteration": 9, "Steps": 9999, "Epsilon": 0.050095, "Episodes": 1016, "AverageReturn": 0.9, "AverageDiscountedReturn": 0.8558910449099999, "TDError^2": 0.02090257965028286}
{"Iteration": 10, "Steps": 10999, "Epsilon": 0.050000000000000044, "Episodes": 1176, "AverageReturn": 1.0, "AverageDiscountedReturn": 0.946254119451498, "TDError^2": 0.02447398379445076}
{"Iteration": 11, "Steps": 11999, "Epsilon": 0.050000000000000044, "Episodes": 1335, "AverageReturn": 1.0, "AverageDiscountedReturn": 0.948146589650799, "TDError^2": 0.02230967953801155}
{"Iteration": 12, "Steps": 12999, "Epsilon": 0.050000000000000044, "Episodes": 1494, "AverageReturn": 0.9, "AverageDiscountedReturn": 0.8558910449099999, "TDError^2": 0.01887943223118782}
{"Iteration": 13, "Steps": 13999, "Epsilon": 0.050000000000000044, "Episodes": 1652, "AverageReturn": 1.0, "AverageDiscountedReturn": 0.9462541194514978, "TDError^2": 0.015328731387853622}
{"Iteration": 14, "Steps": 14999, "Epsilon": 0.050000000000000044, "Episodes": 1811, "AverageReturn": 0.9, "AverageDiscountedReturn": 0.852106104511398, "TDError^2": 0.012097341008484364}
{"Iteration": 15, "Steps": 15999, "Epsilon": 0.050000000000000044, "Episodes": 1974, "AverageReturn": 1.0, "AverageDiscountedReturn": 0.9472051095013979, "TDError^2": 0.00951952114701271}
{"Iteration": 16, "Steps": 16999, "Epsilon": 0.050000000000000044, "Episodes": 2134, "AverageReturn": 0.9, "AverageDiscountedReturn": 0.8558910449099999, "TDError^2": 0.006924622226506472}
{"Iteration": 17, "Steps": 17999, "Epsilon": 0.050000000000000044, "Episodes": 2295, "AverageReturn": 1.0, "AverageDiscountedReturn": 0.9490975797006989, "TDError^2": 0.004320652224123478}
{"Iteration": 18, "Steps": 18999, "Epsilon": 0.050000000000000044, "Episodes": 2454, "AverageReturn": 1.0, "AverageDiscountedReturn": 0.945350299459063, "TDError^2": 0.003246283158659935}
{"Iteration": 19, "Steps": 19999, "Epsilon": 0.050000000000000044, "Episodes": 2614, "AverageReturn": 1.0, "AverageDiscountedReturn": 0.946254119451498, "TDError^2": 0.0023708019871264696}
{"Iteration": 20, "Steps": 20999, "Epsilon": 0.050000000000000044, "Episodes": 2775, "AverageReturn": 1.0, "AverageDiscountedReturn": 0.9500390598501, "TDError^2": 0.0015999526949599385}
{"Iteration": 21, "Steps": 21999, "Epsilon": 0.050000000000000044, "Episodes": 2935, "AverageReturn": 1.0, "AverageDiscountedReturn": 0.9462730441534909, "TDError^2": 0.0011605671606957912}
{"Iteration": 22, "Steps": 22999, "Epsilon": 0.050000000000000044, "Episodes": 3097, "AverageReturn": 1.0, "AverageDiscountedReturn": 0.9490880698002, "TDError^2": 0.0007474694866687059}
{"Iteration": 23, "Steps": 23999, "Epsilon": 0.050000000000000044, "Episodes": 3258, "AverageReturn": 1.0, "AverageDiscountedReturn": 0.9500390598501, "TDError^2": 0.0006505172932520509}
{"Iteration": 24, "Steps": 24999, "Epsilon": 0.050000000000000044, "Episodes": 3418, "AverageReturn": 1.0, "AverageDiscountedReturn": 0.9500390598501, "TDError^2": 0.0005576261319220066}
{"Iteration": 25, "Steps": 25999, "Epsilon": 0.050000000000000044, "Episodes": 3579, "AverageReturn": 1.0, "AverageDiscountedReturn": 0.9509900498999999, "TDError^2": 0.0005497214733622968}
{"Iteration": 26, "Steps": 26999, "Epsilon": 0.050000000000000044, "Episodes": 3738, "AverageReturn": 1.0, "AverageDiscountedReturn": 0.947195599600899, "TDError^2": 0.0005116324173286557}
{"Iteration": 27, "Steps": 27999, "Epsilon": 0.050000000000000044, "Episodes": 3898, "AverageReturn": 1.0, "AverageDiscountedReturn": 0.948146589650799, "TDError^2": 0.0003973940620198846}
{"Iteration": 28, "Steps": 28999, "Epsilon": 0.050000000000000044, "Episodes": 4056, "AverageReturn": 1.0, "AverageDiscountedReturn": 0.9490975797006989, "TDError^2": 0.0003754256176762283}
{"Iteration": 29, "Steps": 29999, "Epsilon": 0.050000000000000044, "Episodes": 4216, "AverageReturn": 1.0, "AverageDiscountedReturn": 0.9509900498999999, "TDError^2": 0.0003332132182549685}
{"Iteration": 30, "Steps": 30999, "Epsilon": 0.050000000000000044, "Episodes": 4376, "AverageReturn": 1.0, "AverageDiscountedReturn": 0.9471955996008988, "TDError^2": 0.000426445942139253}
{"Iteration": 31, "Steps": 31999, "Epsilon": 0.050000000000000044, "Episodes": 4537, "AverageReturn": 1.0, "AverageDiscountedReturn": 0.9471955996008988, "TDError^2": 0.00023743616475258023}
{"Iteration": 32, "Steps": 32999, "Epsilon": 0.050000000000000044, "Episodes": 4698, "AverageReturn": 1.0, "AverageDiscountedReturn": 0.948146589650799, "TDError^2": 0.0002133231027983129}
{"Iteration": 33, "Steps": 33999, "Epsilon": 0.050000000000000044, "Episodes": 4858, "AverageReturn": 1.0, "AverageDiscountedReturn": 0.9453220541035909, "TDError^2": 0.0001442478533135727}
{"Iteration": 34, "Steps": 34999, "Epsilon": 0.050000000000000044, "Episodes": 5016, "AverageReturn": 1.0, "AverageDiscountedReturn": 0.948146589650799, "TDError^2": 0.00012812018394470215}
{"Iteration": 35, "Steps": 35999, "Epsilon": 0.050000000000000044, "Episodes": 5174, "AverageReturn": 1.0, "AverageDiscountedReturn": 0.9490975797006989, "TDError^2": 8.144199091475457e-05}
