{"Iteration": 0, "Steps": 1019999, "Epsilon": 0.050000000000000044, "Episodes": 8, "AverageReturn": -15.75, "AverageDiscountedReturn": -0.590014336602299, "TDError^2": 0.007900752127170563}
{"Iteration": 1, "Steps": 1029999, "Epsilon": 0.050000000000000044, "Episodes": 11, "AverageReturn": -16.8, "AverageDiscountedReturn": -0.5571741063510357, "TDError^2": 0.006678163539618254}
{"Iteration": 2, "Steps": 1039999, "Epsilon": 0.050000000000000044, "Episodes": 15, "AverageReturn": -16.4, "AverageDiscountedReturn": -0.47751554781781935, "TDError^2": 0.008709046058356762}
{"Iteration": 3, "Steps": 1049999, "Epsilon": 0.050000000000000044, "Episodes": 19, "AverageReturn": -16.0, "AverageDiscountedReturn": -0.5045201934003969, "TDError^2": 0.005984541028738022}
{"Iteration": 4, "Steps": 1059999, "Epsilon": 0.050000000000000044, "Episodes": 22, "AverageReturn": -15.8, "AverageDiscountedReturn": -0.5322505661515582, "TDError^2": 0.005939200520515442}
{"Iteration": 5, "Steps": 1069999, "Epsilon": 0.050000000000000044, "Episodes": 26, "AverageReturn": -15.8, "AverageDiscountedReturn": -0.31558076605414914, "TDError^2": 0.0054803104139864445}
{"Iteration": 6, "Steps": 1079999, "Epsilon": 0.050000000000000044, "Episodes": 30, "AverageReturn": -17.3, "AverageDiscountedReturn": -0.3859900527751344, "TDError^2": 0.005716782994568348}
{"Iteration": 7, "Steps": 1089999, "Epsilon": 0.050000000000000044, "Episodes": 33, "AverageReturn": -17.7, "AverageDiscountedReturn": -0.32120385090649434, "TDError^2": 0.00846145674586296}
{"Iteration": 8, "Steps": 1099999, "Epsilon": 0.050000000000000044, "Episodes": 36, "AverageReturn": -18.3, "AverageDiscountedReturn": -0.47714695967577603, "TDError^2": 0.009443214163184166}
{"Iteration": 9, "Steps": 1109999, "Epsilon": 0.050000000000000044, "Episodes": 39, "AverageReturn": -17.5, "AverageDiscountedReturn": -0.47414881276088866, "TDError^2": 0.007677450776100159}
{"Iteration": 10, "Steps": 1119999, "Epsilon": 0.050000000000000044, "Episodes": 42, "AverageReturn": -15.7, "AverageDiscountedReturn": -0.5698509846820647, "TDError^2": 0.006854558363556862}
{"Iteration": 11, "Steps": 1129999, "Epsilon": 0.050000000000000044, "Episodes": 45, "AverageReturn": -14.8, "AverageDiscountedReturn": -0.5089310402452827, "TDError^2": 0.007970510050654411}
{"Iteration": 12, "Steps": 1139999, "Epsilon": 0.050000000000000044, "Episodes": 48, "AverageReturn": -14.7, "AverageDiscountedReturn": -0.5840194446104519, "TDError^2": 0.005135948769748211}
{"Iteration": 13, "Steps": 1149999, "Epsilon": 0.050000000000000044, "Episodes": 51, "AverageReturn": -15.7, "AverageDiscountedReturn": -0.6310746354732435, "TDError^2": 0.00890907272696495}
{"Iteration": 14, "Steps": 1159999, "Epsilon": 0.050000000000000044, "Episodes": 54, "AverageReturn": -17.1, "AverageDiscountedReturn": -0.6134184908705389, "TDError^2": 0.008289161138236523}
{"Iteration": 15, "Steps": 1169999, "Epsilon": 0.050000000000000044, "Episodes": 57, "AverageReturn": -16.0, "AverageDiscountedReturn": -0.5901059505582577, "TDError^2": 0.005335967987775803}
{"Iteration": 16, "Steps": 1179999, "Epsilon": 0.050000000000000044, "Episodes": 60, "AverageReturn": -16.1, "AverageDiscountedReturn": -0.42981883463367854, "TDError^2": 0.005367717240005732}
{"Iteration": 17, "Steps": 1189999, "Epsilon": 0.050000000000000044, "Episodes": 62, "AverageReturn": -15.3, "AverageDiscountedReturn": -0.28946699561460665, "TDError^2": 0.0046433801762759686}
{"Iteration": 18, "Steps": 1199999, "Epsilon": 0.050000000000000044, "Episodes": 65, "AverageReturn": -15.2, "AverageDiscountedReturn": -0.37550859481209564, "TDError^2": 0.004120281431823969}
{"Iteration": 19, "Steps": 1209999, "Epsilon": 0.050000000000000044, "Episodes": 68, "AverageReturn": -14.9, "AverageDiscountedReturn": -0.3240188130756596, "TDError^2": 0.0035659833811223507}
{"Iteration": 20, "Steps": 1219999, "Epsilon": 0.050000000000000044, "Episodes": 70, "AverageReturn": -14.5, "AverageDiscountedReturn": -0.2972270042976389, "TDError^2": 0.004567372612655163}
{"Iteration": 21, "Steps": 1229999, "Epsilon": 0.050000000000000044, "Episodes": 73, "AverageReturn": -15.1, "AverageDiscountedReturn": -0.36767107149989664, "TDError^2": 0.0036173900589346886}
{"Iteration": 22, "Steps": 1239999, "Epsilon": 0.050000000000000044, "Episodes": 77, "AverageReturn": -15.3, "AverageDiscountedReturn": -0.4337101627432034, "TDError^2": 0.0045013707131147385}
{"Iteration": 23, "Steps": 1249999, "Epsilon": 0.050000000000000044, "Episodes": 80, "AverageReturn": -16.2, "AverageDiscountedReturn": -0.6354208692762071, "TDError^2": 0.0062881577759981155}
{"Iteration": 24, "Steps": 1259999, "Epsilon": 0.050000000000000044, "Episodes": 83, "AverageReturn": -16.5, "AverageDiscountedReturn": -0.745219481654715, "TDError^2": 0.005436439532786608}
{"Iteration": 25, "Steps": 1269999, "Epsilon": 0.050000000000000044, "Episodes": 86, "AverageReturn": -17.5, "AverageDiscountedReturn": -0.6919716509101101, "TDError^2": 0.005768550094217062}
{"Iteration": 26, "Steps": 1279999, "Epsilon": 0.050000000000000044, "Episodes": 88, "AverageReturn": -17.4, "AverageDiscountedReturn": -0.5676019246895555, "TDError^2": 0.0037888395600020885}
